NIM,JUDUL TA,
F1B007001,PEMBUATAN APLIKASI GAME UNTUK LATIHAN SPELLING DENGAN MENGGUNAKAN JAVA 2 MICRO EDITION (J2ME),
F1B007002,,
F1B007003,ANALISA KUALITATIF STRUKTUR LAPISAN TANAH DENGAN MENGGUNAKAN METODE VERTICAL ELECTRICAL SOUNDING(VES) DENGAN MENGACU PADA METODE GEOMAGNET,
F1B007004,"TEKNIK STEGANOGRAFI MENGGUNAKAN TRANSFORMASI DST (DISCRETE SINE TRANSFORM) DENGAN ALGORITMA RSA (RON RIVEST, ADI SHAMIR, DAN LEONARD ADLEMAN)",
F1B007005,Aliran Daya Optimal Menggunakan Algoritma Bee Colony,
F1B007006,,
F1B007007,,
F1B007008,,
F1B007009,Desain Konten Pelajaran Fisika SMU Hukum Mekanika II : Momentuum Dengan Menggunakan 3D Game Studio,
F1B007010,,
F1B007011,SIMULASI PENDETEKSIAN TANAH LONGSOR MENGGUNAKAN SENSOR AKSELEROMETER TIPE MMA7361L,
F1B007012,,
F1B007013,Rancang Bangun Sistem Smart Charger Berdasarkan Kurva Karakteristik Charging Baterai Untuk Rechargeable Battery Jenis Sealed Lead Acid Berbasis Miktokontoller ATMEGA85535L,
F1B007014,"ANALISIS POLA METERING SISTEM GRID CONNECTED PV

YANG DISIMULASIKAN PADA BEBAN RUMAH TANGGA DI

NUSA TENGGARA BARAT",
F1B007015,,
F1B007016,,
F1B007017,Penentuan Karakteristik Panel Surya Untuk Menghasilkan Daya Maksimum Dengan Berbagai Faktor Pengukuran Di Laboratorium Energi Baru Dan Terbarukan Universitas Mataram,
F1B007018,,
F1B007019,,
F1B007020,Rancang Bangun Sistem Pengunci Pintu Otomatis Menggunakan Penedeteksian Getaran Ketuk Berbasis Mikrokontroller ATMega 328P ,
F1B007021,,
F1B007022,PERBANDINGAN BEBERAPA TEKNIK DETEKSI TEPI DAN SEGMENTASI CITRA PADA STUDI KASUS CITRA BIOMEDIS,
F1B007023,,
F1B007024,,
F1B007025,Investigasi Sudut Penyalaan Inverter Multilevel Dengan Struktur Cascaded H-Bridge Untuk Sistem PLTS,
F1B007026,Rancang Bangun Pembangkit Dengan Penggerak Mesin Kalor Tipe Alpha Menggunakan Bahan Bakar Biogas,
F1B007027,Pengaturan Pola Beban Listrik Dengan Suplai Dari Sistem Pembangkit Hibrida Fotovoltaik-Biogas,
F1B007028,,
F1B007029,Rancang Bangun Web Based Decision Support System (DSS) Menggunakan Pemodelan Basis Pengetahuan dengan Tree untuk Membantu Mengatasi Kerusakan Komputer pada Dinas Kesehatan Kota Mataram,
F1B007030,,
F1B007031,"Rancang Bangun Prototype ""Gantry Crane"" Berbasis Analisis Kestabilan Routh Hurwitz Dan Kontrol Robust Menggunakan Spektrum DSP TMS320C6713",
F1B007032,,
F1B007033,Teknik Steganografi Menggunakan Transformasi Slant dengan Algoritma Enkripsi Elgamal,
F1B007034,,
F1B007035,,
F1B007036,,
F1B007037,ANALISIS KEANDALAN JARINGAN DISTRIBUSI SISTEM KELISTRIKAN LOMBOK MENGGUNAKAN RELIABILITY NETWORK EQUIVALENT APPROACH (RNEA),
F1B007038,,
F1B007039,PENENTUAN DAN PERBAIKAN INDEKS KESTABILAN SALURAN TRANSMISI DENGAN PEMILIHAN LOKASI PENEMPATAN DISTRIBUTED GENERATION (DG) MENGGUNAKAN METODE CONTINGENCY (N-!) ANALYSIS,
F1B007040,,
F1B007041,,
F1B007042,Perancangan Alat Ukur Arus dan Tegangan Fotovoltaik Menggunakan Mikrokontroler ATMEGA328,
F1B007043,,
F1B007044,Kendali Motor DC pada Pengendalian Quadrotor Menggunakan Mikrokontroller ATMega 8535,
F1B007045,,
F1B007046,,
F1B007047,Pengukuran Dan Analisa Pengaruh Aktivitas Manusia Terhadap Nilai Parameter Quality Of Service (QOS) Pada Sistem Komunikasi Indoor Dengan Standar Jaringan Wilan IEEE 802.11B,
F1B007048,,
F1B007049,Pemodelan Karakteristik Arus Tegangan (I/V) dan Efek Temperatur Panel Fotovoltaik Berbasis Simulink/Matlab,
F1B007050,Implementasi Bayesian Network sebagai Metode Pengambil Keputusan dalam Permaianan Congklak Sasak (CIWA) ,
F1B007051,,
F1B007052,,
F1B007053,PENERAPAN FILTER KALMAN LINIER DALAM MENGESTIMASI HARGA SAHAN SATU STEP,
F1B007054,Teknik Kompressi Lossy Silence Menggunakan Transformasi DST (Discrete Sine Transform) dengan Algoritma RLE (Run Length Encoding) untuk Memampatkan Suara,
F1B007055,,
F1B007056,Pembangkit Fraktal Menggunakan Metode Rekursi dengan Ide Visual Studio 2008,
F1B007057,,
F1B007058,Rancang Bangun Prototype Sistem Pemanggang Kue (Oven) Otomatis dengan Menggunakan Mikrokontroler ATMega 8535,
F1B007059,Simulasi Maximum Power Point Tracking (MPPT) Pada Sistem Photovoltaik Menggunakan Boost Konverter Dengan Teknik Perturb And Observe,
F1B007060,"Desain Simulasi Dan Visualisasi Konten Pembelajaran Fisika SMU ""Hukum Mekanika I""",
F1B007061,,
F1B007062,Sistem Aplikasi Belt Conveyor (Ban Berjalan) pada proses Sorting Buah Berdasarkan Warna dan Diameter Menggunakan Mikrokontroler ATMega 8,
F1B007063,,
F1B007064,PERANCANGAN FILTER HR ELLIPTIK DIGITAL DENGAN TIGA JENIS STRUKTUR FILTER DIAPLIKASIKAN SEBAGAI PEREDAM NOISE,
F1B007065,ALOKASI BIAYA AKIBAT RUGI DAYA PADA SISTEM KELISTRIKAN LOMBOK MENGGUNAKAN METODE Z-BUS,
F1B007066,AUTENTIKASI KEUTUHAN DATA MENGGUNAKAN METODE HASH MD5 (MESSAGE DIGEST 5) SERTA MELAKUKAN PENANAMANNYA MENGGUNAKAN HDSP (HIERARCHICAL DATA SECURITY PROTECTION),
F1B007067,,
F1B007068,,
F1B007069,,
F1B007070,Pengaplikasian Metode Interpolasi Dan Ekstrapolasi Lagrange Cherbyshev Dan Spline Kubik Untuk Memprediksi Angka Pengangguran Di Indonesia,
F1B007071,,
F1B007072,Teknik Steganografi Dengan Algoritma Penyandian El-Gamal Dan Dengan Algoritma Dekomposisi SVD (Singular Value Decomposition) Berbasis Penenaman BIT HDSP,
F1B007073,,
F1B007074,RANCANG BANGUN PEMBANGKIT LISTRIK SKALA KECIL DENGAN SISTEM MESIN STIRLING MENGGUNAKAN EMPAT PISTON DAN EMPAT KATUP,
F1B007075,,
F1B007076,AUTENTIKASI ENTITAS ATAS VIDEO DIGITAL AVI BERBASIS TANDA TANGAN DIGITAL SCHHNORR,
F1B007077,,
F1B007078,Rancang Bangun Prototype Pembangkit Listrik Tenaga Arus Laut (PLTAL) Menggunakan Turbin Propeller Tipe Horizontal,
F1B007079,,
F1B007080,,
F1B007081,SISTEM MUATAN ROKET SEBAGAI APLIKASI PENGINDERAAN JAUH,
F1B007082,,
F1B007083,,
F1B007084,SISTEM INFORMASI GEOGRAFIS PARIWISATA KABUPATEN LOMBOK BARAT,
F1B008001,ANALISIS MANUVER JARINGAN TERHADAP KEANDALAN KONTINUITAS PENYALURAN TENAGA LISTRIK PENYULANG DI AREA AMPENAN,
F1B008002,,
F1B008003,Penerapan Rangkaian Logika Kombinasional untuk Menghasilkan Tipe Data Baru 512 Bit C++ : Studi Kasus Kriptosistem RSA,
F1B008004,Mesin Pencari Menggunakan Web Bot Agent Berbasis JADE,
F1B008005,,
F1B008006,,
F1B008007,Penerapan Rangkaian Logika Kombinasional untuk Menghasilkan Tipe Data Baru 512 Bit C++ : Studi Kasus Kriptosistem Rabin,
F1B008008,Pengklasteran Warna Kulit Berbasis Piksel Menggunakan Jaringan Syaraf Tiruan,
F1B008009,,
F1B008010,Pengontrolan Kecepatan Motor DC Dengan Sensor Ping Menggunakan PWM (Pulse Width Modulation) Berbasis Arduino ATmega328P,
F1B008011,Monitoring dan Filtering Situs Pornografi dengan Proxy Server Squid Berbasis Jade dan Naive Bayes Clarsifier (NBC) pada Hotspot Fakultas Teknik Universitas Mataram,
F1B008012,,
F1B008013,Optimasi Antena Log Periodec Dipole Array (LPDA) Menggunakan HFSS V-10 untuk Aplikasi Televisi Universitas Mataram (Unram TV),
F1B008014,Penentuan Bidang Keahlian Mahasiswa Berbasis Bayesian Network di Jurusan Teknik Elektro Fakultas Teknik Unram,
F1B008015,,
F1B008016,"Optimasi Antena Yagi Mikrostrip dengan Teknik Defected Ground Structure (DGS) dan Direktor untuk Aplikasi Indoor Wireless LAN 2,44 GHz",
F1B008017,,
F1B008018,ALIRAN DAYA OPTIMAL DENGAN METODE ANT COLONY,
F1B008019,,
F1B008020,,
F1B008021,Aplikasi Decesion Tree ke dalam STC (Sistem Tutor Cerdas) untuk Menentukan Kemampuan Siswa dalam Proses Pembelajaran Bahasa Pemrograman Java,
F1B008022,Power System Stabilizer  Berbasis Jaringan Syaraf Tiruan Berulang pada Sistem Single Machine Infinite Bus,
F1B008023,Penyiram Tanaman pada Miniatur Greenhouse Menggunakan Metode Logika Fuzzy Berbasis Mikrokontroler AVR Atmega 8535,
F1B008024,,
F1B008025,Rancang Bangun Prototipe Motor Piston Menggunakan Solenoid,
F1B008026,"PERANCANGAN SIMULATOR SURYA BERBASIS LABVIEW

UNTUK PENGUJIAN UNJUK KERJA SISTEM FOTOVOLTAIK",
F1B008027,Analisa Efektifitas Internet Protokol Versi 6 (IPv6) dibandingkan dengan Internet Protokol Versi 4 (Ipv4),
F1B008028,Prototype Pengontrolan Mesin Bor Sumur Berbasis Mikrokontroller AVR ATMega 8535,
F1B008029,,
F1B008030,,
F1B008031,Perbaikan Stabilitas Dinamik Menggunakan Power System Stabilizer (PSS) Berbasis Adaptif Neuri-Fuzzy Inference System (ANFIS) pada Sistem Multi Mesin,
F1B008032,,
F1B008033,Sistem Identifikasi Suara Pembicara Menggunakan Metode Linear Predective Coding (LPC) dan Hidden Markov Model (HMM),
F1B008034,,
F1B008035,Rancang Bangun Alat Pembuat Kopi Susu Otomatis Berbasis Mikrokontroller AVR ATMega 8535,
F1B008036,,
F1B008037,,
F1B008038,Rancang Bangun Turbin Angin Sumbu Vertikal (Savonius) Sebagai Pembangkit Listrik Tenaga Bayu Skala Kecil,
F1B008039,,
F1B008040,ANALISIS UNJUK KERJA SISTEM FOTOVOLTAIK ON-GRID PADA PEMBANGKIT LISTRIK TENAGA SURYA (PLTS) GILI TRAWANGAN,
F1B008041,,
F1B008042,Studi Paralel Computing dengan Kasus Perhitungan Matriks Besar,
F1B008043,,
F1B008044,Sistem Pendeteksi dan Pencegah Serangan pada Server (Studi Kasus pada Server Fakultas Teknik Universitas Mataram),
F1B008045,,
F1B008046,,
F1B008047,,
F1B008048,,
F1B008049,,
F1B008050,PEMANTAUAN FLUKTUASI VALUTA ASING MENGGUNAKAN APLIKASI ANDROID YANG DIBANTU OLEH AUTONOMOUS AGENT BERBASIS FRAMEWORK JADE,
F1B008051,Analisa Unjuk Kerja WiMax pada Channel Model Rayleigh dengan Pengkodean Reed Solomon Code dan Convolutional Code,
F1B008052,,
F1B008053,Prototype Motor Menggunakan Magnet Permanen Metode Halbach Array Sebagai Penggerak Generator Listrik,
F1B008054,,
F1B008055,"Rancang Bangun Alat Ukur Kadar Gas Polutan Karbon Monoksida (CO) Berbasis Mikrokontroler AVR ATTINY2313, Studi Kasus: Pengujian Kemampuan Tanaman Hias Dalam Penyerapan Gas Polutan",
F1B008056,,
F1B008057,,
F1B008058,,
F1B008059,Sistem Pendetesi Kebocoran Gas LPG dan Membuka Regulator Secara Otomatis Berbasis Arduino Uno R3,
F1B008060,,
F1B008061,Perbandingan Kontinu dan Diskontinu SVPWM pada Inverter 2-Level 3-Phasa untuk Pengendali Motor Induksi Menggunakan ATMEGA328P,
F1B008062,Rancang Bangun Robot Berkaki Empat (Quaddrupeds Robot) Berbasis Mikrokobtroller AVR Seri ATMEGA 32,
F1B008063,ANALISIS KONTINGENSI TERHADAP UNJUK KERJA DAN KEANDALAN KOMPOSIT PEMBANGKIT DAN TRANSMISI PADA SISTEM KELISTRIKAN LOMBOK,
F1B008064,,
F1B008065,,
F1B008066,Rancang Bangun Sistem Transfer Daya Listrik Nirkabel Menggunakan Prinsip Induksi Dan Resonansi Magnetik,
F1B008067,"Desain dan Realisasi Antenna Array Mikrostrip Collinear 4 Elemen untuk Aplikasi Wireless LAN Outdoor 2,44 GHz",
F1B008068,,
F1B008069,,
F1B008070,,
F1B008071,Analisa Efisiensi Eksergi Terhadap Kinerja System Photovoltaik Off Grid di Laboratorium Energi Baru dan Terbarukan Universitas Mataram,
F1B008072,EVALUASI HARMONISA DAN SIMULASI PERANCANGAN FILTER HIBRID PADA SISTEM KELISTRIKAN DEPARTEMEN PROSES PT NEWMONT NUSA TENGGARA,
F1B008073,Implementasi Autonomous Agen JAVA sebagai Network Monitoring Tools pada Jaringan Fakultas Teknik Universitas Mataram,
F1B008074,,
F1B008075,,
F1B008076,,
F1B008077,,
F1B008078,,
F1B008079,,
F1B008080,Monitoring dan Proteksi Motor Induksi Tiga Phasa Berbasis Mikrokontroler ATMega 8535,
F1B008081,Perancangan Alat Penghitung Denyut Jantung dengan menggunakan Perangkat Android sebagai Interface,
F1B008082,,
F1B008083,Pengembangan Agent Pengklasifikasi Situs Olah Raga dengan Menggunakan Metode Decission Tree,
F1B008084,,
F1B008085,Monitoring dan Filtering Situs Pornografi pada Proxy Server Squid Menggunakan Decisien Tree C4.5 Berbasis JADE (Java Agent Development Framework),
F1B008086,,
F1B008087,,
F1B008088,,
F1B009001,Segmentasi Plat Kendaraan Bermotor Secara Otomatis. Studi Kasus pada Parkir Fakultas Teknik Universitas Mataram,
F1B009002,,
F1B009003,"SISTEM INFORMASI KETERSEDIAAN DARAH

PADA PUTD PMI KABUPATEN LOMBOK BARAT",
F1B009004,,
F1B009005,Pengenalan Plat Kendaraan Bermotor Menggunakan PCA,
F1B009006,Analisa dan Perancangan Sistem Transaksi Pembayaran Menggunakan Teknologi Near Field Communication (NFC),
F1B009007,Desain dan Pembuatan Aplikasi Sistem Pakar Berbasis Web Dalam Menggolongkan Jenis Gangguan Kepribadian,
F1B009008,Penentuan Daya Listrik Untuk Penerangan Buatan Suatu Ruangan Menggunakan Logika Fuzzy,
F1B009009,Optimasi Penempatan dan Penentuan Kapasitas Kapasitor pada Saluran Distribusi Primer Menggunakan Artificial Bee Colony (ABC),
F1B009010,"BALANCING ROBOT BERODA DUA

MENGGUNAKAN METODE KENDALI PID BERBASIS ATMEGA328

BALANCING TWO WHEELED ROBOT

WITH PID CONTROL METHOD BASED ON ATMEGA328",
F1B009011,,
F1B009012,Estimasi Redaman Hujan Untuk Kanal Komunikasi Satelit,
F1B009013,Pemantauan dan Pengendalian Perangkat Jaringan Berbasis Mikrotik Menggunakan PHP API,
F1B009014,"STUDI EKSPERIMEN SISTEM DOUBLY FED INDUCTION GENERATOR (DFIG) PADA TURBIN ANGIN

EXPERIMENTAL STUDY OF DOUBLY FED INDUCTION GENERATOR (DFIG) SYSTEM

IN WIND TURBINE",
F1B009015,,
F1B009016,,
F1B009017,Pengenalan Plat Kendaraan Bermotor Menggunakan LDA,
F1B009018,Optimalisasi Jaringan LMDS Berbasis Multi Antena dan Adaptif Modulation pada Kondisi Hujan di Daerah Mataram Menggunakan Metode Waterfilling,
F1B009019,Peramalan Beban Listrik Jangka Pendek pada Sistem Kelistrikan Lombok dengan Fuzzy Time Series (FTS),
F1B009020,PERAMALAN BEBAN LISTRIK JANGKA PENDEK DENGAN METODE JARINGAN SYARAF TIRUAN DAN LOGIKA FUZZY Short Term Power Load Forecasting Method With Neural Network And Fuzzy Logic,
F1B009021,IDENTIFIKASI GENITAL MENGGUNAKAN TEMPLATE MATCHING PADA CITRA PORNOGRAFI,
F1B009022,,
F1B009023,PERANCANGAN PENGUAT PENYANGGA (BUFFER) TV DIGITAL YANG BEKERJA PADA FREKUENSI BAND III VHF (DVB-T2) UNTUK SIARAN TV KAMPUS,
F1B009024,ANALISIS UNJUK KERJA SISTEM DISTRIBUSI 20 KV DARI GH SENGGIGI DAN GH TANJUNG AKIBAT INJEKSI DAYA DARI PEMBANGKIT ENERGI TERBARUKAN,
F1B009025,,
F1B009026,,
F1B009027,Penentuan Lokasi Distributed Generator (DG) Dengan Faktor Sensitivitas Rugi-rugi dan Kapasita Optimalnya Menggunakan Artificial Bee Colony (ABC),
F1B009028,,
F1B009029,,
F1B009030,,
F1B009031,Perancang Soft Starting pada Motor Induksi Tiga Phasa Menggunakan Mikrokontroller ATMega328,
F1B009032,,
F1B009033,,
F1B009034,,
F1B009035,,
F1B009036,Rancang Bangun Automatic Transfer Switch/Automatic Main Failure Berbasis Programmable Logic Controller,
F1B009037,"Aplication of Bayesian Networking on ITS (Intelligent Tutorial System) to Determine Student Ability Models for Learning Process, In Case of Introducing Java Programming",
F1B009038,Sistem Pakar untuk Mendiagnosa Penyakit Anjing pada Kawasan Lombok Barat,
F1B009039,,
F1B009040,"PERANCANGAN ALAT PENDETEKSI KADAR ALKOHOL DAN ASAP

ROKOK PADA NAFAS MANUSIA

ALCOHOL CONCENTRATION DETECTION DESIGN AND SMOKE ON HUMAN BREATH",
F1B009041,,
F1B009042,Analisa Kualitas Jaringan GSM (Global System for Mobile) terhadap Efek Redaman Hujan di Wilayah Mataram,
F1B009043,,
F1B009044,,
F1B009045,Perencanaan Energi Daerah dengan Mempertimbangkan Aksi Mitigasi untuk Penurunan Emisi Gas Rumah Kaca Sektor Energi di Provinsi Nusa Tenggara Barat (NTB) 2011-2025,
F1B009046,,
F1B009047,,
F1B009048,,
F1B009049,"Analisis ""Shading Effect"" Terhadap Unjuk Kerja Panel Fotovoltaik",
F1B009050,,
F1B009051,,
F1B009052,,
F1B009053,"PERANCANGAN SISTEM INFORMASI GEOGRAFIS (SIG) UNTUK PENGELOMPOKAN

TINGKAT RAWAN BENCANA TANAH LONGSOR DI KABUPATEN LOMBOK TIMUR",
F1B009054,,
F1B009055,,
F1B009056,Rancang Bangun Alat Pemotong Kerupuk Otomatis Berbasis Mikrokontroller ATMEGA8535,
F1B009057,Realisasi inverter multilevel cascaded H bridge (CHB),
F1B009058,,
F1B009059,PERANCANGAN DAN ANALISA UNJUK KERJA SISTEM KOMUNIKASI RADIO DENGAN INTEGRASI VOIP (VOICE OVER INTERNET PROTOCOL) DESIGN AND ANALYSIS OF PERFORMANCE OF RADIO COMMUNICATION SYSTEM WITH VOIP INTEGRATION (VOICE OVER INTERNET PROTOCOL),
F1B009060,,
F1B009061,Pemanfaatan Tegangan Getar Handphone sebagai Sistem Pengaman Serta Kontaktor pada Sepeda Motor,
F1B009062,,
F1B009063,,
F1B009064,,
F1B009065,,
F1B009066,Pengenalan Citra Negatif (Pornografi) Menggunakan Wavelet Analysis dan LDA,
F1B009067,Pembuatan Komposer Piano Pada Personal Computer Berbasis Digital Signal Processing (DSP),
F1B009068,,
F1B009069,Implementasi Decision Tree Algoritma C4.5 untuk Menentukan Konsentrasi/Bidang Keahlian Mahasiswa Fakultas Teknik Jurusan Teknik Elektro Berbasis JSP,
F1B009070,Perancangan Simulator Rangkaian Logika Dengan Visual C++,
F1B009071,,
F1B009072,,
F1B009073,Sistem Informasi Kuesioner Penggunaan Layanan Internet dan Analisisnya,
F1B009074,,
F1B009075,,
F1B009076,ANALISIS PERBANDINGAN EFISIENSI TRANSFORMATOR 3 FASA DIPANDANG DARI DAYA DAN USIA TRANSFORMATOR DI PT PLN (PERSERO) CABANG MATARAM,
F1B009077,Analisis Grid-Connected Sistem Fotovoltaik yang dikombinasi dengan Genset,
F1B009078,Rancang Bangun Modul AC (Air Conditioner) Cerdas Tipe Split 1 PK Berbasis Mikrokontroler ATMEGA8535,
F1B009079,,
F1B009080,To Embed Digital Signature Based On Digital Signature Standard (DSS) Schame with MD6 Hash Function On Digital Video,
F1B009081,Pengenalan Citra Negatif (Pornografi) Menggunakan Shape Analysis Dan LDA,
F1B009082,,
F1B009083,,
F1B009084,Rancang Bangun Inverter pada AC (Air Conditioner) Tipe Split 1 PK untuk Mengontrol Daya Listrik (Ekonomis) Berbasis Mikrokontroler ATMEGA8535,
F1B009085,,
F1B009086,"PERBANDINGAN TEKNIK MODULASI INVERTER 2 LEVEL

TIGA PHASA UNTUK MENGHASILKAN TEGANGAN KELUARAN

VARIABEL",
F1B009087,,
F1B009088,,
F1B009090,,
F1B010001,Sistem Pakar Berbasis Web Untuk Mendiagnosis Gangguan Suasana Perasaan (Mood [Afektif]) Dengan Metode Forward Chaining,
F1B010002,Analisis Kontingensi Terhadap Unjuk Kerja dan Keandalan Komposit Generator dan Transmisi pada Sistem Kelistrikan Lombok,
F1B010003,,
F1B010004,,
F1B010005,,
F1B010006,DETEKSI KERETAKAN TULANG MENGGUNAKAN GRADIENT MORFOLOGI BERBASIS SEGMENTASI CITRA,
F1B010007,Analisis Data Geomagnetik Menggunakan Metode Polarisasi Magnetik Kaitannya dengan Gempa Bumi di Regional Lombok,
F1B010008,APLIKASI BERGERAK SISTEM PENJUALAN SAMPAH DAUR ULANG   BERBASIS ANDROID  STUDI KASUS PADA  UD. BANK SAMPAH BINTANG SEJAHTERA NTB,
F1B010009,Rancang Bangun Kontrol PID Slider Crank Mechanism Berbasis ATMEGA 328,
F1B010010,RANCANG BANGUN ROBOT BERODA DENGAN PENGENDALI SUARA MODUL EASYVR BERBASIS ARDUINO,
F1B010011,,
F1B010012,,
F1B010013,,
F1B010014,,
F1B010015,,
F1B010016,,
F1B010017,,
F1B010018,"STUDI KOMPARATIF TAPIS DIGITAL CHEBYSHEV I DAN II UNTUK SINYAL AUDIO COMPARATIVE STUDY OF DIGITAL FILTERS CHEBYSHEV I AND II ON AUDIO SIGNALS Juan Justiti11. Dr. Rismon H. Sianipar21,. Muhamad Irwan31",
F1B010019,Penjadwalan Unit Pembangkit Menggunakan Metode Modiefied Improved Particle Swarm Optimization (MIPSO) di Pembangkit Listrik Tenaga Diesel (PLTD) Ampenan,
F1B010020,,
F1B010021,Studi Pengolahan Sinyal Geomagnetik sebagai Prekursor Gempa Bumi di Regional Lombok,
F1B010022,"PERANCANGAN DAN PENGUJIAN PORTABLE PHOTOVOLTAIC POWER BANK

DESIGN AND TESTING OF PORTABLE POWER BANK PHOTOVOLTAIC",
F1B010023,Studi Aliran Daya Tiga Fasa Menggunakan Metode Backward/Forward Sweep Dengan Integrasi Model-Model Transformator,
F1B010024,,
F1B010025,"Analis Intensitas Nilai Faktual Paparan Medan Elektromagnetik Pada Saluran Udara Tegangan Tinggi (SUTT) 150 KV di Wilayah Kerja Nusra II, Lombok",
F1B010026,,
F1B010027,Analisis Sistem Building Integrated Photovoltaics (BIPV) Pada Sektor Publik ( Studi Kasus Bank Indonesia NTB),
F1B010028,,
F1B010029,,
F1B010030,,
F1B010031,,
F1B010032,,
F1B010033,,
F1B010034,,
F1B010035,,
F1B010036,"NAVIGASI ROBOT BERODA MENGGUNAKAN KAMERA

WHELED ROBOT NAVIGATION USING CAMERA",
F1B010037,,
F1B010038,"REALISASI TEKNIK PENGEREMAN DINAMIK (DYNAMIC BRAKING) UNTUK MOTOR INDUKSI TIGA FASE MENGGUNAKAN ARDUINO UNO

REALIZATION OF DYNAMIC BRAKING FOR THREE PHASE INDUCTION MOTOR USING ARDUINO UNO",
F1B010039,,
F1B010040,,
F1B010041,,
F1B010042,Studi Komparatif Teknik-Teknik Pembesaran Citra Digital Berbasis Bicubic dan B-Spline Comparative Study Of Digital Image Enlargement Techniques Based On Bicubic  And B-Spline,
F1B010043,,
F1B010044,,
F1B010045,,
F1B010046,"PENINGKATAN UNJUK KERJA PENGENALAN PLAT KENDARAAN

MENGGUNAKAN LINEAR DISCRIMINANT ANALYSIS DAN INTEGRAL

PROJECTION",
F1B010047,,
F1B010048,,
F1B010049,,
F1B010050,,
F1B010051,,
F1B010052,,
F1B010053,Pemanfaatan Sensor Accelerometer Via Bluetooth Pada Smartphone Android Sebagai Pengendali Navigasi Robot Beroda Pemadam Api,
F1B010054,,
F1B010055,,
F1B010056,Analisis Trend Perubahan Amplitudo Gempa Gunung Rinjani Kaitan dengan Event Gempa Tektonik Wilayah Pulau Lombok,
F1B010057,ANALISA KUALITAS DAYA LAYANAN VIDEO CALL JARINGAN 3.5G DI MATARAM,
F1B010058,"DESAIN DAN REALISASI POWER SPLITTER COAXIAL DAN MIKROSTRIP UNTUK TV KAMPUS

DESIGN AND REALIZATION OF POWER SPLITTER COAXIAL AND MICROSTRIP FOR TV CAMPUS

Ahmad Rudi1, Cahyo Mustiko Okta Muvianto2, Suthami Ariessaputra3",
F1B010059,,
F1B010060,,
F1B010061,,
F1B010062,,
F1B010063,,
F1B010064,,
F1B010065,,
F1B010066,,
F1B010067,,
F1B010068,,
F1B010069,,
F1B010070,,
F1B010071,,
F1B010072,RANCANG BANGUN ALAT INFORMASI TANGGAP DARURAT BERBASIS RASPBERRY PI UNTUK KEAMANAN LINGKUNGAN PERUMAHAN,
F1B010073,,
F1B010074,,
F1B010075,"ANALISIS EFISIENSI ENERGI PADA BANGUNAN GEDUNG UNTUK

MENDUKUNG PROGRAM KONSERVASI ENERGI

THE ANALYSIS OF ENERGY EFFICIENCY IN BUILDINGS FOR SUPPORTING ENERGY

CONSERVATION PROGRAM",
F1B010076,,
F1B010077,,
F1B010078,PERANCANGAN APLIKASI SISTEM SATUAN HARAGA BARANG DAN UPAH DENGAN MENGGUNAKAN QUERY DASAR DAN PROSEDURAL PADA MSQYL DALAM PENCARIAN DATA,
F1B010079,,
F1B010080,Koordinasi Proteksi Rele Jarak (Distance Relay) pada Saluran Udara Tegangan Tinggi (SUTT) 150 Kv Sistem Kelistrikan Lombok,
F1B010081,,
F1B010082,,
F1B010083,,
F1B010084,,
F1B010085,,
F1B010086,,
F1B010087,,
F1B010088,,
F1B010089,,
F1B010090,,
F1B010091,,
F1B010092,,
F1B110001,PERANCANGAN ANTENA HELIX WIDEBAND 400-960 MHz UNTUK APLIKASI TV DAN GSM,
F1B110002,Implementasi Sistem Informasi Geografis Daerah Wisata Kuliner Kota Mataram Berbasis Android Dengan Global Positioning System (GPS),
F1B110003,,
F1B110004,,
F1B110005,,
F1B110006,,
F1B110007,,
F1B110008,,
F1B110009,"PENERAPAN JARINGAN SYARAF TIRUAN BACKPROPAGATION

UNTUK MENGKLASIFIKASI JENIS GEMPA GUNUNG RINJANI

SEMBALUN, LOMBOK",
F1B110010,,
F1B110011,,
F1B110012,,
F1B110013,,
F1B110014,,
F1B110015,Pengukuran dan analisa karakteristik propagasi pada luar ruangan (Outdoor)jaringan GSM 3G telekomsel pada Daerah urban dan sub urban di Wilayah Mataram.,
F1B110016,PEMROSESAN HISTOGRAM UNTUK MENGINDENTIFIKASI TAMPIRING CP (COPY PASTE) PADA CITRA UNTUK KEBUTUHAN ANALISIS FORENSIK DIGITAL,
F1B110017,,
F1B110018,ANALISIS KETIDAKSEIMBANGAN BEBAN  PADA JARINGAN TEGANGAN RENDAH DI PT.PLN (PERSERO) WILAYAH RAYON CAKRANEGARA,
F1B110019,,
F1B110020,,
F1B110021,Pengukuran Jarak Objek Menggunakan Kamera Stereo (Stereo Vision) dengan Metode Triangulasi Geometri,
F1B110022,,
F1B110023,,
F1B110024,,
F1B110025,,
F1B110026,Klasifikasi Jenis Kulit Menggunakan Algoritma K - Nearest Neighbour (K-NN),
F1B110027,,
F1B110028,,
F1B110029,,
F1B110030,"Penggunaan Aplikasi System For Automated Geoscientific Analyses (SAGA) Dan Geographic Information System (GIS) Untuk Melakukan Pemetaan Daerah Rawan Bencana Longsor Di Lombok Tengah

Application System For Automated Geoscientific Analyses (SAGA) And Geographic Information System (GIS) For Maps Build Landslides Conditions In Central Lombok",
F1B110031,,
F1B110032,,
F1B110033,,
F1B110034,,
F1B110035,,
F1B110036,,
F1B110037,,
F1B110038,,
F1B110039,,
F1B110040,,
F1B110041,,
F1B110042,,
F1B110043,,
F1B110044,,
F1B110045,"RANCANG BANGUN ALAT KEAMANAN BRANKAS DENGAN SENSOR

SIDIK JARI DAN RFID (RADIO FREQUENCY IDENTIFICATION)",
F1B110046,,
F1B110047,,
F1B110048,Pengklasifikasian Warna Kulit Berdasarkan RAS Menggunakan Algoritma Support Vector Machine (SVM),
F1B110049,,
F1B110050,,
F1B110051,,
F1B110052,,
F1B110053,,
F1B110054,,
F1B110055,,
F1B110056,BLANK SPOT AREA PADA DAERAH URBAN DI BTS ARYA BANJAR GETAS DENGAN PENGUKURAN RECEIVED STRENGTH SIGNAL INDICATOR (RSSI),
F1B110057,,
F1B110058,,
F1B110059,RANCANG BANGUN ALAT SORTING BUAH BERDASARKAN WARNA DAN UKURAN MENGGUNAKAN SENSOR TCS3200 DAN PHOTODIODA,
F1B110060,,
F1B110061,,
F1B110062,INVESTIGASI TEKNIK MODULASI UNTUK MEMPERBAIKI KUALITAS TEGANGAN KELUARAN PADA INVERTER MULTILEVEL CASCADED HBRIDGE (CHB) SATU FASA MENGGUNAKAN ARDUINO MEGA 2560 INVESTIGATION OF MODULATION TECHNIQUES TO IMPROVE OUTPUT VOLTAGE QUALITY OF 1 PHASE CASCADED HIGH BRIDGE USING ARDUINO MEGA 2560,
F1B110063,,
F1B110064,,
F1B110065,,
F1B110066,,
F1B110067,"ROBOT LENGAN PEMINDAH BARANG BERDASARKAN BENTUK DAN WARNA

BERBASIS ARDUINO UNO",
F1B110068,PERANCANGAN DAN SIMULASI DARI KOMBINASI ROUTING STATIK DAN ROUTING DINAMIS PADA ROUTING PROTOKOL OSPF DESIGN AND SIMULATION OF OSPF ROUTING PROTOCOL WITH COMBINATION OF STATIC AND DYNAMIC ROUTING,
F1B110069,,
F1B110070,,
F1B110071,PERANCANGAN TAPIS BUTTERWORTH UNTUK MERESTORASI CITRA DIGITAL,
F1B110072,"IMPLEMENTASI REAL TIME AUDIO EFFECT PADA GITAR

BERBASIS RASPBERRY PI

Implementation Of Real Time Audio Effect For Guitar Based On Raspberry Pi",
F1B110073,,
F1B110074,,
F1B110075,,
F1B110076,,
F1B110077,,
F1B110078,PERANCANGAN DAN PEMBUATAN ALAT UKUR KADAR ALKOHOL DENGAN OSILATOR BERBASIS MIKROKONTROLER ATMEGA 8535,
F1B110079,Pencairan dan Pengurusan Data Kependudukan Provinsi Nusa Tenggara Barat Menggunakan Visual C++,
F1B110080,,
F1B110081,,
F1B110082,,
F1B110083,,
F1B110084,,
F1B110085,,
F1B011001,,
F1B011002,,
F1B011003,,
F1B011004,,
F1B011005,,
F1B011006,,
F1B011007,,
F1B011008,,
F1B011009,,
F1B011010,,
F1B011011,,
F1B011012,RANCANG BANGUN MEDIA PEMBELAJARAN TEMATIK INTERAKTIF BAGI SISWA PRA-SEKOLAH,
F1B011013,PERANCANGAN SISTEM CHARGER BATTERY  BERBASIS MIKROKONTROLLER DENGAN RANGKAIAN BUCK CONVERTER,
F1B011014,,
F1B011015,,
F1B011016,"IMPLEMENTASI TEKNIK PENDINGINAN PADA PROTOTIPE

DATA CENTER

Implementation of Cooling Techniques in a Prototype of Data Center",
F1B011017,"Penapisan Citra Berbasis Chebyshev Pada Domain Frekuensi Lowpass, Bandpass, Highpass Dan Bandstop",
F1B011018,STUDI KOMPARATIF TEKNIK PeMBESARAN CITRA DIGITAL BERBASIS NEAREST-NEIGHBOUR DAN BILINIER  Comparative Studies on  Digital Imagae Magnification based on Nearest-Neighbour and Bilinier Methods.,
F1B011019,,
F1B011020,,
F1B011022,,
F1B011023,PROTOTYPE SISTEM INFORMASI MAHASISWA TEKNIK ELEKTRO UNIVERSITAS MATARAM,
F1B011025,,
F1B011026,,
F1B011027,,
F1B011028,,
F1B011030,,
F1B011031,,
F1B011032,,
F1B011033,"MAXIMUM POWER POINT TRACKING (MPPT)

PADA SISTEM FOTOVOLTAIK DENGAN BOOST CONVERTER

BERBASIS LOGIKA FUZZY",
F1B011034,"Studi Pengolahan Sinyal Geomagnetik sebagai Precursor Gempa Bumi

di Regional Lombok dengan Metode Fraktal",
F1B011035,"RESTORASI CITRA BERBASIS DOMAIN FREKUENSI

MENGGUNAKAN TAPIS ELIPTIK",
F1B011036,,
F1B011037,"PERANCANGAN SISTEM UNTUK MENGETAHUI KUALITAS BIJI KOPI BERDASARKAN WARNA DENGAN K-NEAREST NEIGHBOR

DESIGN OF THE SYSTEM TO DETERMINE THE QUALITY OF THE COFFEE BEANS BASED ON COLOUR USING K-NEAREST NEIGHBOR",
F1B011038,,
F1B011039,PERANCANGAN SISTEM MINI SCADA RADIO TELEMETRY 433 MHZ,
F1B011040,,
F1B011041,,
F1B011042,OPTIMASI SUDUT PENYALAAN INVERTER MULTILEVEL TIPE JEMBATAN-H SATU FASA 7 TINGKAT OPTIMIZED SWICHING ANGLE SINGLE PHASE MULTILEVEL INVERTER 7-LEVEL CASCADE H-BRIDGE,
F1B011043,,
F1B011044,,
F1B011045,,
F1B011046,,
F1B011047,,
F1B011048,"PENSTABIL TEGANGAN GENERATOR SINKRON 3 FASA 0,3 KW DENGAN ALAT BANTU PENGATURAN TEGANGAN EKSITASI MENGGUNAKAN  BOOST CONVERTER",
F1B011049,,
F1B011050,"PENGKLASTERAN CITRA DENGAN FUZZY CLUSTERING MEANS UNTUK

SEGMENTASI CITRA MENGGUNAKAN C#.NET",
F1B011051,IMPLEMENTASI JARINGAN SYARAF TIRUAN BACKPROPAGATION UNTUK MENGKLASIFIKASI JENIS MAGNITUDE GEMPA TEKTONIK:STUDI KASUS BMKG NTB Backpropagation Neural Networks Implementation To Classify Types Of Magnitude Tectonic Earthquake: Case Study at BMKG NTB,
F1B011052,,
F1B011053,,
F1B011054,,
F1B011055,"Prototype Pengendali Circuit Breaker berbasis Web

Web based Circuit Breaker Controller Prototype",
F1B011056,,
F1B011057,,
F1B011058,,
F1B011059,,
F1B011061,,
F1B011062,,
F1B011063,,
F1B011064,,
F1B011066,,
F1B011067,,
F1B011068,PROYEKSI KEBUTUHAN DAN PENYEDIAAN TENAGA LISTRIK DI KOTA MATARAM MENGGUNAKAN PERANGKAT LUNAK LEAP DENGAN METODE CLUSTER SAMPLING,
F1B011069,PERANCANGAN SISTEM KEAMANAN KUNCI PINTU RUMAH BERBASIS ARDUINO UNO DAN SENSOR PN532 SEBAGAI TAGGING E-KTP DESIGN OF DOOR LOCK SECURITY SYSTEM USING ARDUINO UNO AND PN532 AS TAGGING OF KTP,
F1B011070,DETEKSI KEASLIAN MADU TRIGONA BERDASARKAN NILAI DIELEKTRIK DAN KONDUKTIVITAS MENGGUNAKAN TEKNIK OPEN - ENDED COAXIAL CAVITY RESONATOR PADA FREKUENSI 100 - 1000 MHz,
F1B011071,,
F1B011072,IMPLEMENTASI SISTEM PENERIMA DAN PENGOLAH SINYAL APT SATELIT NOAA UNTUK MEMPEROLEH INFORMASI SUHU PERMUKAAN LAUT BERBASIS CITRA,
F1B011074,,
F1B011075,PENGUJIAN KONTROL DAYA AKTIF DAN REAKTIF PADA DOUBLY FED INDUCTION GENERATOR (DFIG) UNTUK TURBIN ANGIN Testing of Active and Reactive Power Control on Doubly Fed Induction Generator (DFIG) Applied in Wind Turbine,
F1B011076,,
F1B011077,,
F1B011078,,
F1B011079,"PERANCANGAN ALAT UKUR KECEPATAN AIR PADA PIPA DENGAN METODE EFEK DOPPLER BERBASIS RASPBERRY PI

Design Of Water Flow Measuring Instrument On The Pipe By Doppler Effect Method Based Raspberry Pi",
F1B011080,,
F1B011081,,
F1B011084,PERANCANGAN APLIKASI GRAPHICAL USER INTERFACE (GUI) PENGOLAHAN SINYAL GEOMAGNETIK MENGGUNAKAN METODE DIFERENSIASI,
F1B011085,IMPLEMENTASI LOGIKA FUZZY PADA SISTEM PENDULUM TERBALIK BERBASIS ARDUINO,
F1B011086,,
F1B011087,RANCANG BANGUN RICE TRANSPLANTER BERBASIS ARDUINO UNO,
F1B011088,RANCANG BANGUN BUCK-BOOST CONVERTER SEBAGAI REGULATOR TEGANGAN KELUARAN PADA PANEL SURYA,
F1B011089,,
F1B011090,,
F1B011091,DATA LOGGER SUHU DAN KELEMBABAN SECARA REAL TIME TERSINKRONISASI GPS BERBASIS WEB SERVER,
F1B011092,,
F1B011093,,
F1B011095,VISUALISASI SISTEM PEMETAAN PEMANCAR RADIO FM BERBASIS SISTEM INFORMASI GEOGRAFIS DI DAERAH MATARAM-NTB VISUALISATION OF FM RADIO TRANSMITTER MAPPING SYSTEM BASED ON GEOGRAPHICAL INFORMATION SYSTEM IN MATARAM-NTB AREA,
F1B011096,"PENGGUNAAN TEKNIK KONTROL PID PADA SISTEM PENGENDALI

KEKENTALAN CAT",
F1B011097,,
F1B111001,,
F1B111002,EVALUASI DAN PERENCANAAN KEMBALI PLTS TIPE ROOFTOP UNTUK BACKUP CATU DAYA LISTRIK PADA OBSERVATORIUM GEOMAAGNETIK LOMBOK (OGL) [EVALUATION AND REPLANNING ROOFTOP PV POWER PLANT TYPE FOR POWER SUPPLY BACKUP IN GEOMAGNETIC OBSERVATORY LOMBOK],
F1B111003,,
F1B111004,,
F1B111005,"IMPLEMENTASI JST BACKPROPAGATION UNTUK PENGENALAN KARAKTER MENGGUNAKAN C#.NET

IMPLEMENTATION BACKPROPAGATION NEURAL NETWORK FOR CHARACTER RECOGNITION USING C#.NET

AHSANUL WARASATUL SADIK1, MUHAMAD IRWAN, ST., MT.2, Dr. RISMON H SIANIPAR, ST., MT.3",
F1B111006,PERANCANGAN DAN IMPLEMENTASI SISTEM INFORMASI ALUMNI TEKNIK ELEKTRO UNIVERSITAS MATARAM,
F1B111007,,
F1B111008,,
F1B111009,,
F1B111010,,
F1B111011,,
F1B111012,,
F1B111013,,
F1B111014,"PRA PERENCANAAN TEKNIK PEMBANGKIT LISTRIK TENAGA MINIHIDRO (PLTM)

KOKOK BABAK, LOMBOK TENGAH

Pre Engginering Planning of Hydro Power Kokok Babak, Central Lombok",
F1B111015,,
F1B111016,,
F1B111017,IDENTIFIKASI SUARA MENGGUNAKAN METODE MEL FREQUENCY CEPSTRUM COEFFICIENTS (MFCC) DAN JARINGAN SYARAF TIRUAN BACKPROPAGATION,
F1B111018,,
F1B111019,"KONDUKTIVITAS TERMAL EPOXY BER-FILLER SERBUK 

ARANG TEMPURUNG KELAPA",
F1B111020,,
F1B111021,ANALISIS UNJUK KERJA PLTS ON-GRID DI LABORATORIUM ENERGI BARU TERBARUKAN (EBT) UNIVERSITAS MATARAM,
F1B111022,PENGUKURAN DAN ANALISIS UNJUK KERJA LAYANAN SUARA JARINGAN 3G WCDMA MENGGUNAKAN TEMS INVESTIGATION DI KOTA MATARAM (STUDI KASUS TELKOMSEL DAN INDOSAT),
F1B111023,,
F1B111024,RANCANG BANGUN KONTROL TRIAL AND ERROR PADA KESETIMBANGAN PENDULUM TERBALIK (INVERTED PENDULUM) BERBASIS ARDUINO UNO,
F1B111025,,
F1B111026,KUALITAS LAYANAN FIBER TO THE HOME  BERDASARKAN RECEIVED POWER PADA OPTICAL NETWORK UNIT  DI STO SWETA,
F1B111027,SISTEM INFORMASI PRAKTEK KERJA INDUSTRI  STUDI  KASUS SMK PARIWISATA MATARAM,
F1B111028,,
F1B111029,,
F1B111030,"PERKIRAAN BEBAN JARINGAN DISTRIBUSI 

DI LOMBOK TENGAH  TAHUN 2018-2023 

MENGGUNAKAN METODE REGRESI",
F1B111031,,
F1B111032,RANCANG BANGUN SISTEM INFORMASI INVENTORI PADA LABORATORIUM JURUSAN TEKNIK ELEKTRO UNIVERSITAS MATARAM,
F1B111033,,
F1B111034,PERANCANGAN ALAT PEMBACA BAGAN WARNA DAUN PADI  BERBASIS ARDUINO NANO DAN RASPBERRY PI,
F1B111035,PENGEMBANGAN GAME EDUKASI BERBASIS ROLE PLAYING GAME (RPG) UNTUK SISWA PRA SEKOLAH,
F1B111036,SISTEM MONITORING KETINGGIAN PERMUKAAN AIR BENDUNGAN MELALUI WEB DAN SMS GATEWAY BERBASIS ARDUINO,
F1B111037,,
F1B111038,,
F1B111039,ANALISA JARINGAN 3G DAN 4G DI DAERAH URBAN PADA TRANSMISI VIDEO STREAMING,
F1B111040,,
F1B111041,"ANALISIS ALIRAN DAYA DENGAN ADANYA PLTS GILI AIR, PLTS GILI MENO DAN PLTS GILI TRAWANGAN PADA PENYULANG HILBRON PT. PLN (PERSERO) AREA TANJUNG",
F1B111042,,
F1B111043,,
F1B111044,,
F1B111045,,
F1B111046,,
F1B111047,,
F1B111048,PERANCANGAN ANTARMUKA ROBOTIC ARM TRAINER UNTUK MODUL PRAKTIKUM INTERFACING,
F1B111049,DESAIN AMPLIFIER PEMANCAR SIARAN TELEVISI DIGITAL DVB-T2 PADA BAND III VHF,
F1B111050,,
F1B111051,PERANCANGAN SISTEM INFORMASI MONITORING TUGAS AKHIR BERBASIS WEB (STUDI KASUS TEKNIK ELEKTRO),
F1B111052,,
F1B111053,Instalasi Dan Pemanfaatan Netsupport School Untuk Mengontrol Penggunaan Komputer Di Laboratorium Komputer SMAN 1 Madapangga,
F1B111054,TEKNIK STEGANOGRAFI TEKS PADA SUARA DIGITAL MENGGUNAKAN C#.NET,
F1B111055,,
F1B111056,,
F1B111057,,
F1B111058,,
F1B111059,"ANALISIS UNJUK KERJA  PEMBANGKIT LISTRIK TENAGA 

SURYA ON GRID 1 KWP; STUDI KASUS  

DI SMKN 3 MATARAM",
F1B111060,PROTOTYPE MONITORING DAN PENGONTROLAN SISTEM HOME AUTOMATION BERBASIS ARDUINO DAN LABVIEW,
F1B111061,,
F1B111062,RESTORASI CITRA DENGAN TAPIS RERATA HARMONIS MENGGUNAKAN GUI MATLAB,
F1B111063,PROTOTYPE SISTEM MONITORING GARDU DISTRIBUSI JARINGAN TEGANGAN RENDAH BERBASIS ARDUINO MEGA 2560,
F1B111064,,
F1B111065,,
F1B111066,,
F1B111067,,
F1B111068,,
F1B111069,,
F1B111070,,
F1B111071,,
F1B111072,ANALISIS DAN PERANCANGAN JARINGAN BACKBONE PADA FAKULTAS TEKNIK UNIVERSITAS MATARAM,
F1B111073,,
F1B111074,,
F1B111075,,
F1B111076,,
F1B111077,RANCANG BANGUN PENGAMAN INSTALASI LISTRIK UNTUK ARUS BOCOR BERBASIS ARDUINO NANO 328,
F1B111078,,
F1B111079,,
F1B111080,"IMPLEMENTASI JST HOPFIELD UNTUK PENGENALAN KARAKTER

MENGGUNAKAN C#.NET",
F1B111081,ANALISIS KINERJA APLIKASI VIDEO CALL PADA JARINGAN 3G DI WILAYAH MATARAM,
F1B111082,,
F1B111083,,
F1B111084,,
F1B111085,,
F1B111086,,
F1B111087,,
F1B111088,ANALISIS PENGARUH PEMBANGKIT LISTRIK TENAGA SURYA (PLTS) TERHADAP HASIL PENGUKURAN MEDAN MAGNET BUMI DI OBSERVATORIUM GEOMAGNETIK LOMBOK (LOK),
F1B111089,,
F1B211021,PERANCANGAN SISTEM KONTROL DUMMY LOAD PADA PEMBANGKIT LISTRIK TENAGA MIKROHIDRO STANDALONE MENGGUNAKAN ARDUINO UNO Control System Design Dummy Load on The Micro-hidro Power Plants Standalone Using Arduino Uno,
F1B211024,,
F1B211029,,
F1B211060,,
F1B211065,PENENTUAN LOKASI GANGGUAN HUBUNG SINGKAT  PADA SALURAN TRANSMISI 150 KV BERBASIS TRANSFORMASI WAVELET,
F1B211073,,
F1B211082,"PENENTUAN LOKASI GANGGUAN PADA JARINGAN DISTRIBUSI RADIAL MENGGUNAKAN METODE BERBASIS IMPEDANSI

[Fault Location On Radial Distribution Feeder Using Impedance Based Method]

YULI HARTINI1, I MADE ARI NRARTHA2, SUPRIYATNA",
F1B211083,KLASIFIKASI KESEGARAN BUAH APEL BERDASARKAN EKSTRAKSI FITUR WARNA DAN TEKSTUR MENGGUNAKAN GRAY LEVEL CO-OCCURRENCE MATRIX DAN ALGORITMA K-NEAREST NEIGHBOR,
F1B211094,,
F1B012001,ANALISIS TEGANGAN LEBIH INDUKSI AKIBAT MEDAN LISTRIK (E) DAN MEDAN MAGNET (H) PADA DUA BUAH TOWER YANG TERINJEKSI ARUS PETIR,
F1B012002,,
F1B012003,,
F1B012004,,
F1B012005,"EVALUASI PERENCANAAN INSTALASI LISTRIK

BANGUNAN BERKAPASITAS 2200 VA STUDI KASUS

MASJID BAITURRAHMAN",
F1B012006,,
F1B012007,APLIKASI ANDROID BERBASIS GOOGLE MAPS API UNTUK PELACAKAN BUS TRANS MATARAM,
F1B012009,Perancangan Dan Pembuatan Alat Pemrograman Flash Perom Mcs-51 40 Kaki,
F1B012010,"PERBANDINGAN PENGGUNAAN TIPE GIGABIT PASSIVE 

OPTICAL NETWORK (GPON) TERHADAP LAYANAN 

INDIHOME BERDASARKAN POWER LINK BUDGET DI 

WILAYAH SENGGIGI",
F1B012011,FUZZY TIME SERIES SEBAGAI METODE PERAMALAN INDEKS HARGA GABUNGAN PASAR MODAL,
F1B012012,RANCANG BANGUN INTERFACE UNTUK VISUALISASI PROSES SINKRONISASI GENERATOR SINKRON BERBASIS MIKROKONTROLER AT MEGA2560,
F1B012013,,
F1B012014,KLASIFIKASI DATA GEMPA VULKANIK GUNUNG RINJANI MENGGUNAKAN METODE K-MEANS,
F1B012017,APLIKASI MOBILE MONITORING DATA MAHASISWA TEKNIK ELEKTRO UNIVERSITAS MATARAM MENGGUNAKAN FRAMEWORK FLUTTER DAN FIREBASE,
F1B012018,,
F1B012019,,
F1B012020,APLIKASI PENGHITUNGAN ANGKA KREDIT JABATAN FUNGSIONAL DOSEN BERBASIS WEB DENGAN DUKUNGAN WEB SERVICE,
F1B012021,,
F1B012022,,
F1B012023,,
F1B012024,ANALISIS PERBANDINGAN KINERJA PROTOKOL ROUTING PADA JARINGAN NIRKABEL WPAN ZIGBEE (IEEE 802.15.4)  UNTUK APLIKASI DETEKTOR KEBAKARAN GEDUNG BERTINGKAT  MENGGUNAKAN NETWORK SIMULATOR 2,
F1B012025,RANCANG BANGUN SISTEM INFORMASI REKAM MEDIS KARTU MENUJU SEHAT (KMS) BALITA,
F1B012026,,
F1B012030,"SISTEM MONITORING DAN KONTROL PENERANGAN JALAN UMUM 

MENGGUNAKAN JARINGAN KOMUNIKASI LoRa BERBASIS 

INTERNET OF THINGS (IoT)",
F1B012031,,
F1B012035,Rancang Bangun Alat Pengaturan Tegangan Menggunakan Autotransformator Berbasis Arduino,
F1B012036,,
F1B012037,RANCANG BANGUN APLIKASI BERGERAK KAMUS BAHASA DAERAH SUMBAWA – BAHASA INDONESIA BERBASIS ANDROID,
F1B012039,,
F1B012042,ANALISIS TEGANGAN LEBIH INDUKSI DISEKITAR DOWN CONDUCTOR YANG TERINJEKSI ARUS PETIR (Studi Kasus Gedung STAHN Gde Pudja Mataram dan Gardu Hubung Gomong) INDUCTION OVERVOLTAGE ANALYSIS AROUND THE DOWN CONDUCTOR INJECTED BY LIGHTNING CURRENT (Case Study STAHN Building Gde Pudja Mataram and Substation Circuit Gomong),
F1B012043,,
F1B012044,,
F1B012045,"PENGATURAN KECEPATAN MOTOR DC BERBASIS ARDUINO 

 DC MOTOR SPEED CONTROL USING ARDUINO",
F1B012046,PERBANDINGAN SISTEM PENGENALAN SUARA MENGGUNAKAN METODE JARINGAN SYARAF TIRUAN MODEL LEARNING VECTOR QUANTIZATION DAN BACKPROPAGATION,
F1B012047,UJI KINERJA DMZ (DE-MILITARIZED ZONE) DENGAN SIMULATOR GNS3 (GRAPHICAL NETWORK SIMULATOR),
F1B012048,,
F1B012049,RANCANG BANGUN GAME “RESEKEL” BERBASIS ANDROID MENGGUNAKAN ALGORITMA A-STAR (A*),
F1B012050,ANALISIS PERFORMANSI JARINGAN 4G XL AXIATA PADA DAERAH RURAL DALAM GAME MOBILE LEGENDS: BANG BANG,
F1B012051,,
F1B012055,Analiais Pemerataan Beban untuk Mengurangi Losses Pada Gardu Distribusi AM086 Dan Gardu AM183 Menggunakan Aplikasi Manajemen Gardu ( AMG),
F1B012056,,
F1B012057,"ANALISIS ARUS STARTING DAN TORSI PADA MOTOR INDUKSI TIGA FASA

TERHADAP PEMASANGAN KAPASITOR SECARA REAL TIME BERBASIS

ATMEGA 2560",
F1B012058,,
F1B012060,,
F1B012061,,
F1B012062,PENERAPAN METODE GEOMAGNETIK UNTUK PENDUGAAN POTENSI AIR TANAH DI AREA OBSERVATORIUM GEOMAGNETIK LOMBOK,
F1B012063,,
F1B012064,Design and Realization of Microstrip Antenna for GPS Application using Proximity Coupled Techniques,
F1B012065,,
F1B012067,PROTOTYPE ALAT PEMBAGI AIR OTOMATIS MENGGUNAKAN MIKROKONTROLLER ARDUINO UNO,
F1B012069,,
F1B012070,"PENGEMBANGAN SISTEM PAKAR DIAGNOSIS PENYAKIT INFLUENZA

MENGGUNAKAN METODE LOGICAL INFERENCE DAN LOGICAL FUZZY

BERBASIS WEB

[Development Of Influenza Disease Diagnosis Expert System Using Inference Logic And

Fuzzy Logic Web Based]",
F1B012071,,
F1B012072,"APLIKASI SISTEM PENDUKUNG KEPUTUSAN UNTUK MENENTUKAN

PENERIMA BEASISWA DAN MAWAPRES BERBASIS WEB DENGAN METODE

TAKEGI SUGENO KANG",
F1B012074,,
F1B012075,"OPTIMASI ANTENA GRID 2.4 GHz MENGGUNAKAN MODIFIKASI

REFLEKTOR GRID DAN FEED ANTENA YAGI",
F1B012076,RANCANG BANGUN SCANNER 3D  MENGGUNAKAN SENSOR GP2Y0E03,
F1B012077,,
F1B012078,,
F1B012079,,
F1B012081,,
F1B012082,ANALISIS PENGARUH PENAMBAHAN ZAT ADITIF TERHADAP NILAI IMPEDANSI PENTANAHAN PADA TANAH PADAS DAN TANAH PASIR,
F1B012083,MANAGEMENT BANDWIDTH DAN ANALISIS QOS MENGGUNAKAN METODE HIERARCHICAL TOKEN BUCKET (HTB) PADA TOPOLOGI STAR,
F1B012085,PERANCANGAN JARINGAN SENSOR NIRKABEL UNTUK AKUISISI DATA GEOPHONE MENGGUNAKAN NRF24L01,
F1B012086,,
F1B012087,,
F1B012088,,
F1B012089,,
F1B012091,,
F1B012092,,
F1B012093,,
F1B012094,,
F1B012095,,
F1B012096,Rancang Bangun Aplikasi Game Edukasi Matematika Multiplayer untuk Sekolah Dasar pada Platform Android,
F1B012097,,
F1B012098,,
F1B012100,,
F1B112001,PENGUJIAN PENGGUNAAN KIPPO-SSH HONEYPOT DAN KIPPO-GRAPH PADA UBUNTU SERVER UNTUK MENINGKATKAN KEAMANAN JARINGAN,
F1B112002,,
F1B112003,,
F1B112004,RANCANG BANGUN ALAT PENGONTROL SUHU PADA SUITCASE   DESIGN OF TEMPERATURE CONTROLLER IN THE SUITCASE,
F1B112005,,
F1B112006,,
F1B112007,,
F1B112008,,
F1B112009,,
F1B112010,,
F1B112011,,
F1B112012,,
F1B112013,,
F1B112014,,
F1B112015,KOORDINASI SETTING RELE PROTEKSI PADA TRANSFORMATOR 60 MVA DI GARDU INDUK AMPENAN,
F1B112016,PENERAPAN LOGIKA FUZZY METODE TSUKAMOTO UNTUK NPC (NON PLAYER CHARACTER) MUSUH PADA GAME “TANK TEMPUR” BERBASIS ANDROID,
F1B112017,KOORDINASI PROTEKSI RELE JARAK PADA JARINGAN SUTT 150 KV GI AMPENAN – PLTU LOMBOK ENERGY DYNAMIC (LED),
F1B112018,,
F1B112019,,
F1B112020,,
F1B112021,,
F1B112022,,
F1B112023,,
F1B112024,PENGEMBANGAN APLIKASI ANDROID UNTUK PENGHAFALAN ALQUR’AN (STUDI KASUS SURAH AL MUJADILAH JUZ 28) DENGAN METODE PERULANGAN,
F1B112025,RANCANG BANGUN SISTEM INFORMASI BORANG AKREDITASI STANDAR 5 JURUSAN TEKNIK ELEKTRO FAKULTAS TEKNIK UNIVERSITAS MATARAM MENGGUNAKAN FRAMEWORK YII (YES IT IS),
F1B112026,MONITORING PING REPLY PADA SAAT KEGIATAN INSTALASI JARINGAN ANTENA MENGGUNAKAN SMS GATEWAY,
F1B112027,DESAIN ALAT PENSTABIL SUHU DAN KELEMBABAN RUANGAN PADA KUMBUNG PRODUKSI JAMUR MERANG  BERBASIS MIKROKONTROLER ARDUINO UNO DESIGN OF ROOM TEMPERATURE AND HUMIDITY STABILIZERS ON MUSHROOM PRODUCTION PLANT BASED ON ARDUINO UNO MICROCONTROLLER,
F1B112028,,
F1B112029,,
F1B112030,APLIKASI MONITORING JARINGAN KOMPUTER DENGAN  MENGGUNAKAN BAHASA PYTHON,
F1B112031,,
F1B112032,,
F1B112033,,
F1B112034,,
F1B112035,,
F1B112036,ANALISIS PERBANDINGAN SINGLE TUNNED FILTER DENGAN SECOND ORDER DAMPED FILTER DALAM MEREDUKSI TOTAL HARMONIC DISTORTION ARUS DAN TEGANGAN LISTRIK DI GEDUNG B FAKULTAS TEKNIK UNIVERSITAS MATARAM,
F1B112037,,
F1B112038,PURWARUPA ALAT PENGUKUR JARAK BERUPA SABUK ELEKTRONIK BERBASIS ARDUINO UNO,
F1B112039,,
F1B112040,Rancangan Bangun Sistem Informasi Taman Bacaan SMU 2 Kota Bima Menggunakan Pemrograman Visual Basic Versi 6.0,
F1B112041,,
F1B112042,PENGENDALIAN DAN PENGAMATAN PERALATAN LISTRIK RUMAH TANGGA DENGAN ONLINE SYSTEM BERBASIS RASPBERRY PI 3,
F1B112043,,
F1B112044,,
F1B112045,,
F1B112046,,
F1B112047,,
F1B112048,,
F1B112049,,
F1B112050,,
F1B112051,,
F1B112052,,
F1B112053,,
F1B112054,,
F1B212008,IMPLEMENTASI INTRUSION DETECTION SYSTEM (IDS) MENGGUNAKAN SNORT UNTUK MENDETEKSI  SERANGAN PADA SERVER,
F1B212015,,
F1B212016,,
F1B212027,"RANCANG BANGUN ALAT DETEKSI DETAK JANTUNG JANIN BERBASIS

ARDUINO UNO",
F1B212028,,
F1B212029,,
F1B212032,,
F1B212033,,
F1B212034,,
F1B212038,PERANCANGAN PROTOTIPE APLIKASI BERGERAK DATA KINERJA DOSEN  (Studi Kasus pada Teknik Elektro Universitas Mataram),
F1B212040,"KARAKTERISTIK RUGI-RUGI TRAFO 1 PHASA PADA PEMBEBANAN DOMINAN RESISTIF, INDUKTIF, DAN KAPASITIF",
F1B212041,,
F1B212052,,
F1B212053,PERANCANGAN APLIKASI PERHITUNGAN ANGKA KREDIT DOSEN BERBASIS DEKSTOP DESIGN OF DESKTOP APPLICATION FOR LECTURE CREDIT CALCULATION,
F1B212054,,
F1B212059,,
F1B212066,ANALISIS PERBANDINGAN KINERJA PROTOKOL ROUTING REAKTIF DAN PROAKTIF PADA MOBILE AD HOC NETWORK (MANET) UNTUK SISTEM KOMUNIKASI TAKTIS KAPAL PERANG,
F1B212068,,
F1B212073,,
F1B212080,Rancang Bangun Penggunaan VLAN Bridging  Menggunakan Teknik Bonding Mikrotik sebagai  Implementasi  Optimalisasi Jaringan,
F1B212084,PENDETEKSI PERUBAHAN KETEBALAN PLAT BESI AKIBAT KOROSI MENGGUNAKAN SENSOR INFRARED BERBASIS ARDUINO UNO,
F1B212090,RANCANG BANGUN ALAT PENJEMUR TEMBAKAU OTOMATIS BERBASIS MIKRIKONTROLER ARDUINO UNO,
F1B212099,,
F1B013001,ANALISIS JARAK PENEMPATAN ARRESTER SEBAGAI PROTEKSI TRANSFORMATOR TERHADAP TEGANGAN LEBIH AKIBAT SAMBARAN PETIR PADA SALURAN TRANSMISI 150 KV,
F1B013002,,
F1B013003,RANCANG BANGUN MAXIMUM POWER POINT TRACKING (MPPT) SOLAR CHARGE CONTROLLER MENGGUNAKAN METODE PERTURB AND OBSERVE (P&O)  BERBASIS ARDUINO UNO,
F1B013004,RANCANG BANGUN ALAT PEMOTONG KUE BOLU DENGAN METODE QUICK RETURN MECHANISM BERBASIS ARDUINO UNO ATMEGA 328P,
F1B013005,PERANCANGAN SISTEM TRANSFER DAYA LISTRIK TANPA KABEL DENGAN PENAMBAHAN RANGKAIAN PENGUAT (REPEATER,
F1B013006,,
F1B013007,"PELACAKAN POSISI BUS SECARA WAKTU NYATA MENGGUNAKAN

GPS DAN GPRS BERBASIS ARDUINO",
F1B013009,,
F1B013010,,
F1B013011,,
F1B013012,PERANCANGAN SISTEM PROTEKSI DAN MONITORING MOTOR INDUKSI TIGA FASA BERBASIS ARDUINO MEGA 2560,
F1B013013,,
F1B013014,,
F1B013015,PENGEMBANGAN SISTEM KEAMANAN PENYIMPANAN KOTAK AMAL MASJID DENGAN KEMAMPUAN MENGIRIMKAN PESAN PERINGATAN BERBASIS ARDUINO UNO,
F1B013016,,
F1B013017,,
F1B013018,,
F1B013019,,
F1B013020,,
F1B013021,RANCANG BANGUN ALAT PENGUKUR TINGGI DAN BERAT BADAN MANUSIA BERBASIS MIKROKONTROLER ARDUINO UNO R3,
F1B013022,,
F1B013023,,
F1B013024,,
F1B013025,,
F1B013026,,
F1B013027,,
F1B013028,,
F1B013029,"ANALISIS SETTING WAKTU PENGASUTAN MOTOR INDUKSI TIGA

FASA METODE BINTANG - SEGITIGA BERBASIS HMI-PLC DAN

ARDUINO UNO",
F1B013030,,
F1B013031,Membangun Jaringan PC Cloning Menggunakan Software Winconet Di MAN 1 Mataram,
F1B013032,PROTOTYPE MONITORING DAN PENGONTROL SUHU PADA BOX PENYIMPANAN OBAT MENGGUNAKAN ARDUINO UNO BERBASIS ANDROID DENGAN KONEKSI MEDIA BLUETHOOTH,
F1B013033,,
F1B013034,,
F1B013035,,
F1B013036,ANALISIS KINERJA PROTOKOL AODV DAN DSDV  PADA JARINGAN VANET,
F1B013037,"ANALISIS KARAKTERISTIK LIMBAH KULIT PISANG SEBAGAI BAHAN

ALTERNATIF PENGGANTI PASTA BATU BATERAI",
F1B013038,,
F1B013039,,
F1B013040,ANALISIS STABILITAS TEGANGAN SISTEM KELISTRIKAN LOMBOK MENGGUNAKAN METODE CONTINUATION POWER FLOW (CPF),
F1B013041,,
F1B013042,PERANCANGAN ENERGI METER TIGA FASA UNTUK TRANSAKSI ENERGI BERBASIS ARDUINO MEGA2560,
F1B013043,SISTEM PENGENALAN WAJAH MENGGUNAKAN METODE EIGENFACES BERBASIS RASPBERRY PI,
F1B013044,,
F1B013045,DISTRIBUSI PEMBAGIAN BEBAN PEMBANGKIT TERMAL SECARA EKONOMIS MENGGUNAKAN METODE ARTIFICIAL BEE COLONY,
F1B013046,,
F1B013047,,
F1B013048,PEMBUATAN SEPATU LISTRIK DENGAN MENGGUNAKAN PIEZOELEKTRIK DAN SEL SURYA SEBAGAI SUMBER              TENAGA TERBARUKAN,
F1B013049,"SISTEM KEAMANAN SEPEDA MOTOR MENGGUNAKAN RFID

DAN FINGERPRINT DENGAN SISTEM PERINGATAN MELALUI

SMS GETWAY",
F1B013050,,
F1B013051,PEMANTAUAN KONDISI TRANSFORMATOR 1 (30 MVA) GI AMPENAN BERDASARKAN FREKUENSI GETARAN ALAMI TRANSFORMATOR,
F1B013052,,
F1B013053,,
F1B013054,RANCANG BANGUN SISTEM PENGAMAN BRANKAS MENGGUNAKAN RFID (RADIO FREQUENCY  IDENTIFICATION) DAN SMS (SHORT MESSAGE SERVICE) BERBASIS MIKROKONTROLER ARDUINO UNO,
F1B013055,,
F1B013056,,
F1B013057,,
F1B013058,,
F1B013059,"ANALISIS RENCANA PEMASANGAN TRANSFORMATOR SISIPAN PADA SALURAN TRANSFORMATOR DISTRIBUSI PENYULANG PAGUTAN (Studi Kasus : Transformator Distribusi AM097 Di Jalan Banda Seraya, Pagesangan, Kota Mataram)",
F1B013060,"ANALISIS PERBANDINGAN LAYANAN QoS (Quality of Services) PADA

JARINGAN 4G

DI UNIVERSITAS MATARAM",
F1B013061,"RANCANG BANGUN PROTOTYPE ATAP OTOMATIS BERBASIS

MIKROKONTROLER",
F1B013062,,
F1B013063,,
F1B013064,SISTEM INFORMASI LABORATORIUM BERBASIS WEBSITE DENGAN FRAMEWORK FLASK DAN ORM SQLALCHEMY,
F1B013065,,
F1B013066,Desain Generator Sinkron Magnet Permanen Jenis Neodymium Iron Boron Untuk PLTB Daya 500 Watt Menggunakan Perangkat Lunak MagNet Infolytica,
F1B013067,RANCANG BANGUN PROTOTYPE ALAT PENDETEKSI BUAH KELAPA TUA BERBASIS ARDUINO NANO ATMEGA328P,
F1B013068,PROTOTYPE SISTEM KENDALI PINTU AIR OTOMATIS BERDASARKAN KETINGGIAN AIR PADA BENDUNGAN MENGGUNAKAN SENSOR ULTRASONIK (HCSR-04) BERBASIS ARDUINO NANO ATMEGA 328P,
F1B013069,,
F1B013070,RANCANG BANGUN SISTEM MONITORING ENERGI METER BERBASIS ANDROID DESAIN OF MONITORING ENERGY METER SYSTEM BASED ON ANDROID,
F1B013071,STUDI KELAYAKAN TEKNO EKONOMIS PEMBANGUNAN  PUSAT LISTRIK TENAGA PANAS BUMI SEMBALUN  LOMBOK TIMUR,
F1B013072,,
F1B013073,,
F1B013074,PERANCANGAN SISTEM KEAMANAN SEL TAHANAN MENGGUNAKAN TEKNOLOGI RFID BERBASIS RASPBERRY PI,
F1B013075,PROTOTYPE MONITORING DAN PENGONTROLAN SISTEM HOME AUTOMATION BERBASIS ARDUINO DAN LABVIEW,
F1B013076,,
F1B013077,,
F1B013078,,
F1B013079,,
F1B013080,ANALISIS PERBANDINGAN KINERJA PROTOKOL RUTING AODV  DAN PROTOKOL RUTING DSDV PADA WPAN 802.15.4 ZEGBEE,
F1B013081,,
F1B013082,,
F1B013083,"PROTOTIPE RANCANG BANGUN ALAT PEMBERI PAKAN IKAN OTOMATIS

BERBASIS ARDUINO NANO PADA AKUARIUM",
F1B013084,,
F1B013085,,
F1B013086,IDENTIFIKASI PENUTUR MENGGUNAKAN METODE MEL FREQUENCY CEPSTRAL COEFFICIENTS (MFCC) DAN JARINGAN SYARAF TIRUAN MODEL MADALINE,
F1B013087,PERANCANGA ALAT PENGENDALI FLUIDA PADA 4 TANGKI BERBASIS PLC OMRON CP1E-E20DRA,
F1B013088,,
F1B013089,PERANCANGAN PROTEKSI DAN MONITORING GENERATOR SINKRON TIGA FASE BERBASIS ARDUINO MEGA 2560,
F1B013090,RANCANG BANGUN KWH METER BEBASIS ARDUINO MEGA 2560 DIKONTROL BLUETOOTH,
F1B013091,RANCANGAN ENERGI METER DAN SISTEM MONITORING BERBASIS NODEMCU ESP8266 WIRELESS BASED MONIITORING SYSTEM USING NODE MCU ESP8266,
F1B013092,,
F1B013093,"ANALISIS PENGATURAN KECEPATAN MOTOR DC SHUNT

BERBASIS PENYEARAH TERKONTROL",
F1B013094,,
F1B013095,,
F1B013096,PROTOTYPE PINTU GERBANG LIPAT (FOLDING GATE)                                                                                                                             OTOMATIS BERBASIS MIKROKONTROLER ARDUINO UNO MELALUI BLUETOOTH DAN RFID,
F1B013097,,
F1B013098,,
F1B113001,,
F1B113002,Abstrack - Inverter multilevel,
F1B113003,,
F1B113004,,
F1B113005,,
F1B113006,ANALISIS KOORDINASI ISOLASI DI GARDU INDUK KUTA TERHADAP TEGANGAN LEBIH AKIBAT SAMBARAN PETIR PADA SALURAN TRANSMISI 150 KV,
F1B113007,,
F1B113008,,
F1B113009,,
F1B113010,,
F1B113011,,
F1B113012,,
F1B113013,,
F1B113014,,
F1B113015,,
F1B113016,PURWARUPA KENDALI PERALATAN ELEKTRONIKA BERBASIS ARDUINO WEB SERVER,
F1B113017,,
F1B113018,,
F1B113019,,
F1B113020,,
F1B113021,PROTOTIPE SISTEM KEAMANAN PINTU GESER BERBASIS ARDUINO MEGA 2560 MENGGUNAKAN RADIO FREQUENCY IDENTIFICATION (RFID),
F1B113022,RANCANG BANGUN PROTOTIPE MESIN PENETAS TELUR OTOMATIS BERBASIS ARDUINO UNO,
F1B113023,,
F1B113024,Analisis Ketidakseimbangan Beban Pada Transformator Distribusi Penyulang Ampenan Di PT.PLN (Persero) UP3 Mataram,
F1B113025,,
F1B113026,PROTOTYPE INFORMASI JUMLAH PENGUNJUNG PADA SUATU RUANG  BERBASIS ARDUINO AT- MEGA,
F1B113027,,
F1B113028,"SISTEM PEMBERSIHAN KANDANG AYAM OTOMATIS BERBASIS

ARDUINO",
F1B113029,"PEMANFAATAN PANAS KNALPOT

UNTUK SUPLAI DAYA LAMPU SEPEDA MOTOR",
F1B113030,INTERPRETASI BAWAH PERMUKAAN BERDASARKAN DATA GEOMAGNETIK PADA DAERAH PROSPEK PANAS BUMI DESA SEMBALUN LAWANG,
F1B113031,RANCANG BANGUN MONITORING DATA SEL SURYA MENGGUNAKAN ARDUINO MEGA 2560 BERBASIS SMS GSM SIM 900,
F1B113032,"RANCANG BANGUN BEL OTOMATIS MENGGUNAKAN

SENSOR PIR (PASSIVE INFRARED) BERBASIS ARDUINO UNO

AT- MEGA 328P",
F1B113033,"RANCANG BANGUN ALAT PENDETEKSI KONDISI KESEHATAN MANUSIA 

DESIGN OF HUMAN HEALTHY DETECTOR",
F1B113034,PROTOTIPE SISTEM PENGENDALI PIRANTI KELISTRIKAN RUMAH TANGGA BERBASIS WEB SERVER,
F1B113035,,
F1B113036,,
F1B113037,,
F1B113038,,
F1B113039,,
F1B113040,,
F1B014001,,
F1B014002,,
F1B014003,"Rancang Bangun Automatic Voltage Regulator Berbasis Buck Converter Untuk Generator Sinkron 0,3 kVA",
F1B014004,,
F1B014005,RANCANG BANGUN STOP KONTAK PINTAR (SMART PLUG) BERBASIS INTERNET OF THINGS,
F1B014006,SIMULASI DAN ANALISIS KINERJA HIGH VOLTAGE DIRECT CURRENT BERBASIS CURRENT SOURCE CONVERTER YANG SEDERHANA,
F1B014007,,
F1B014008,,
F1B014009,"RANCANG BANGUN SISTEM KONTROL KEJERNIHAN AIR DAN PAKAN 

OTOMATIS PADA AKUARIUM BERBASIS MIKROKONTROLER",
F1B014010,,
F1B014011,Pengembangan Sistem Monitoring Pembangkit Listrik Tenaga Surya (PLTS) Berbasis Web Menggunakan Perangkat Komputer Sebagai Web Server,
F1B014012,,
F1B014013,RANCANG BANGUN ALAT KONTROL PENCAMPUR  WARNA BERBASIS ARDUINO,
F1B014014,,
F1B014015,,
F1B014016,,
F1B014017,,
F1B014018,"DESAIN DAN REALISASI ANTENA MIKROSTRIP PATCH E-SHAPE 

ARRAY MENGGUNAKAN DOUBLE REFLEKTOR DI FREKUENSI 2,45 

GHZ",
F1B014019,,
F1B014020,Perancangan Preprocessor Pada Sistem Pendeteksi Intrusi Snort Berbasis Convolutional Neural Network dan Long Short Term Memory,
F1B014021,,
F1B014022,,
F1B014023,PENGENALAN MOTIF SONGKET LOMBOK MENGGUNAKAN METODE  GRAY LEVEL CO-OCCURRENCE  MATRIX (GLCM) DAN JARINGAN SYARAF TIRUAN BACKPROPAGATION,
F1B014024,,
F1B014025,,
F1B014026,RANCANG BANGUN BUCK CONVERTER PENGISI BATERAI LEAD-ACID BERBASIS MIKROKONTROLER DENGAN METODE CONSTANT CURRENT (CC),
F1B014027,,
F1B014028,"RANCANG BANGUN PURWARUPA SISTEM KENDALI KELEMBABAN

DAN SUHU SECARA OTOMATIS PADA PEMBIBITAN CABAI

MENGGUNAKAN MODUL ESP8266 BERBASIS ARDUINO UNO",
F1B014029,,
F1B014030,"PENGUKURAN DAN ANALISA PENGARUH INTERFERENSI BLUETOOTH TERHADAP KINERJA 

JARINGAN WLAN 802.11b",
F1B014031,"Survei Pemetaan Potensi Energi Panas Bumi Menggunakan

Metode Geomagnet di kawasan Sembalun Desa Timba Gading

Lombok Timur",
F1B014032,,
F1B014033,,
F1B014034,PENERAPAN LOGIKA FUZZY METODE MAMDANI UNTUK NPC (NON PLAYER CHARACTER) MUSUH PADA GAME “TANK TEMPUR” BERBASIS ANDROID,
F1B014035,,
F1B014036,"KOTAK PENYIMPANAN UANG ELEKTRONIK

BERBASIS MIKROKONTROLER ARDUINO MEGA",
F1B014037,,
F1B014038,,
F1B014039,"RANCANG BANGUN SISTEM NOTIFIKASI DAN INFORMASI

KECELAKAN SEPEDA MOTOR BERBASIS WEBSITE DENGAN

RASPBERRY PI 2",
F1B014040,,
F1B014041,Perancangan Automatic Transfer Switch Pada Sistem Hybrid PLTS On-Grid dengan PLTB Berbasis Mikrokontroler   Design Of Automatic Transfer Switch On Hybrid Solar Power Plant On-Grid With  Wind Power Plant System Based On Microcontroller,
F1B014042,PENGEMBANGAN ALAT UJI KELELAHAN FISIK PEKERJA BERDASARKAN WAKTU REAKSI BERBASIS ARDUINO UNO,
F1B014043,,
F1B014044,,
F1B014045,PERANCANGAN SISTEM INFORMASI CAREER DEVELOPMENT CENTER BERBASIS WEB DI UNIVERSITAS MATARAM DESIGN OF WEB-BASED CAREER DEVELOPMENT CENTER INFORMATION SYSTEMS IN MATARAM UNIVERSITY,
F1B014046,,
F1B014047,,
F1B014048,,
F1B014049,,
F1B014050,PENERAPAN JSON WEB TOKEN (HMAC-SHA256) PADA APLIKASI MEDIA INFORMASI JURUSAN TEKNIK ELEKTRO UNIVERSITAS MATARAM BERBASIS ANDROID,
F1B014051,,
F1B014052,,
F1B014053,PERANCANGAN SISTEM KONTROL DAN MONITORING PADA PEMBANGKIT LISTRIK TENAGA BAYU SKALA KECIL BERBASIS MIKROKONTROLER,
F1B014054,,
F1B014055,,
F1B014056,,
F1B014057,,
F1B014058,,
F1B014059,RANCANG BANGUN ENERGI METER DAN MONITORINGNYA BERBASIS POWER LINE CARRIER,
F1B014060,,
F1B014061,,
F1B014062,"PENJADWALAN PERKULIAHAN MENGGUNAKAN ALGORITMA

GENETIKA DI JURUSAN TEKNIK ELEKTRO

UNIVERSITAS MATARAM",
F1B014063,PERANCANGAN SISTEM APLIKASI MANAJEMEN SURAT BERBASIS WEB DI JURUSAN TEKNIK ELEKTRO DESIGN OF WEB-BASED LETTER MANAGEMENT APPLICATION SYSTEM IN ELECTRICAL ENGINEERING DEPARTMENT,
F1B014064,RANCANG BANGUN ENERGI METER BERDASARKAN FLUKTUASI HARGA SPOT PER-KWH BERBASIS ARDUINO MEGA 2560 MENGGUNAKAN GSM,
F1B014065,,
F1B014066,,
F1B014067,,
F1B014068,PERANCANGAN SISTEM MONITORING DAN PROTEKSI DAYA BALIK UNTUK GENERATOR 1 kW 3 FASE,
F1B014069,,
F1B014070,,
F1B014071,Pengukuran dan Analisis Arus Harmonik Sebelum dan Setelah Redesain Switching Mode Power Supply Menggunakan Metode Resonansi Frekuensi,
F1B014072,PERBANDINGAN KINERJA ALGORITMA KRIPTOGRAFI RSA DAN AES UNTUK KEAMANAN INFORMASI PERANGKAT KOMUNIKASI ZIGBEE,
F1B014073,"ANALISIS PENGARUH PENERAPAN LUBANG RESAPAN BIOPORI 

TERHADAP KOEFISIEN PERMEABILITAS LAHAN DI 

PERUMAHAN BTN PENGSONG INDAH, KABUPATEN LOMBOK 

BARAT",
F1B014074,"RANCANG BANGUN PURWARUPA SISTEM KEAMANAN JENDELA 

DAN PINTU RUMAH BERBASIS

INTERNET OF THINGS",
F1B014075,,
F1B014076,KOREKTORLAMPUSEINOTOMATISDENGAN PENGENALAN GERAK MENGGUNAKAN LOGIKAFUZZYBERBASISARDUINOUNO AutomaticSign Lamp CorrectorWith Motion Recognition Using FuzzyLogic,
F1B014077,,
F1B014078,Rancang Bangun Data Logger Berbasis Web  Menggunakan Raspberry Pi,
F1B014079,,
F1B014080,,
F1B014081,,
F1B014082,RANCANG BANGUN SISTEM INFORMASI PELAYANAN PELANGGAN PADA BALAI HYGIENE PERUSAHAAN KESEHATAN DAN KESELAMATAN KERJA NUSA TENGGARA BARAT,
F1B014083,,
F1B014084,SISTEM INFORMASI UNTUK MENERBITKAN DOKUMEN SERTIFIKAT YANG DISEMATKAN DENGAN KODE-QR SEBAGAI KUNCI OTENTIKASI MENGGUNAKAN NODE.JS DAN NO-SQL,
F1B014085,ANALISIS UNJUK KERJA HIGH VOLTAGE DIRECT CURRENT (HVDC) BERBASIS VOLTAGE SOURCE CONVERTER (VSC) SAAT STARTING DAN MENGALAMI GANGGUAN HUBUNG SINGKAT,
F1B014086,,
F1B014087,,
F1B014088,MICROCONTROLLER BASED AUTOMATIC LIGHT SYSTEM,
F1B014089,,
F1B014090,,
F1B014091,RANCANG BANGUN SISTEM PENYIRAMAN TANAMAN TOMAT MENGGUNAKAN MODUL  SIM800L BERBASIS ARDUINO UNO,
F1B014092,,
F1B014093,,
F1B014094,,
F1B014095,,
F1B014096,"PERANCANGAN SISTEM KONTROL PADA AKUARIUM

UNTUK IKAN AIR TAWAR BERDASARKAN KEJERNIHAN

AIR BERBASIS MIKROKONTROLER",
F1B014097,"RANCANG BANGUN TEMPAT SAMPAH OTOMATIS BERBASIS ARDUINO UNO 

ATMEGA 328P",
F1B014098,RANCANG BANGUN PROTOTIPE PENJEMUR PAKAIAN OTOMATIS BERBASIS ARDUINO UNO,
F1B014099,"RANCANG BANGUN KWH METER ONLINE BERBASIS WEBSITE

MENGGUNAKAN PROTOKOL KOMUNIKASI HTTP (Hypertext Transfer

Protocol)",
F1B014100,ANALISIS KINERJA POWER SYSTEM STABILIZER (PSS) DALAM MEMPERBAIKI STABILITAS TRANSIENT PADA SISTEM MULTIMESIN,
F1B014101,,
F1B014102,,
F1B014103,,
F1B014104,RANCANG BANGUN PURWARUPA SISTEM PENGENDALI OTOMATIS PEMBERI PAKAN AYAM PETELUR BERBASIS INTERNET OF THINGS (IOT),
F1B014105,,
F1B014106,PENGUKURAN DAN SIMULASI PENGURANGAN HARMONISA DENGAN FILTER PASIF PADA SISTEM PLTS DI LABORATORIUM  ENERGI BARU TERBARUKAN,
F1B014107,,
F1B014108,,
F1B114001,Perancangan Sistem Monitoring Pada Pembangkit Listrik Tenaga Surya  On-grid Berbasis Arduino,
F1B114002,,
F1B114003,PENGATURAN DAN MONITORING KECEPATAN MOTOR BLDC TIGA FASA UNTUK MODUL PRATIKUM MATA KULIAH MESIN-MESIN LISTRIK,
F1B114004,,
F1B114005,,
F1B114006,Long-Range Energy Alternatives Planning System Mampu Meramalkan Kebutuhan dan Pasokan Energi Listrik Tahun 2028 Di Pulau Lombok,
F1B114007,,
F1B114008,,
F1B114009,"SISTEM INFORMASI PROFIL PUBLIKASI ILMIAH UNIVERSITAS 

MATARAM BERDASARKAN GOOGLE SCHOLAR DAN SCOPUS

Dana Selvia Hadiswara1

, Misbahuddin2

, Muhammad Syamsu Iqbal3",
F1B114010,"RANCANG BANGUN APLIKASI TRACER STUDY DAN PELUANG KERJA PADA

JURUSAN TEKNIK ELEKTRO UNIVERSITAS MATARAM",
F1B114011,"IMPLEMENTASI SISTEM INVENTORI MANAJEMEN ASET 

(SIMAS) PADA KANTOR BADAN PENGELOLAN KEUANGAN 

DAN ASET DAERAH (BPKAD) KOTA MATARAM",
F1B114012,"RANCANG BANGUN APLIKASI KOHORT UNTUK DATA PESERTA

KELUARGA BERENCANA (KB) BERBASIS WEBSITE DI PUSKESMAS

PEJERUK DENGAN MENGGUNAKAN DJANGO FRAMEWORK",
F1B114013,,
F1B114014,RANCANG BANGUN PROTOTYPE MICROBIAL FUEL CELL DENGAN MEMANFAATKAN MIKROBA PADA FESES SAPI SEBAGAI SUMBER ENERGI TERBARUKAN DESIGN THE MICROBIAL FUEL CELL PROTOTYPE USING COW FECES AS A RENEWABLE ENERGY SOURCE,
F1B114015,,
F1B114016,,
F1B114017,,
F1B114018,PERANCANGAN SISTEM PRESENSI PROSES BELAJAR MENGAJAR BERBASIS WEB  DI JURUSAN TEKNIK ELEKTROUNIVERSITAS MATARAM,
F1B114019,,
F1B114020,SIMULASI OTOMATISASI SUPPLY BEBAN MENGGUNAKAN PROGRAMMABLE LOGIC CONTROLLERS (PLC) DI OBSERVATORIUM GEOMAGNETIK LOMBOK,
F1B114021,,
F1B114022,,
F1B114023,,
F1B114024,,
F1B114025,PENGARUH PEMBERIAN ZAT ADITIF TERHADAP TEGANGAN SENTUH  DAN TEGANGAN LANGKAH BERDASARKAN PANJANG ELEKTRODA  DAN VOLUME ZAT ADITIF MENGGUNAKAN PENTANAHAN SISTEM ROD DENGAN METODA 3 TITIK,
F1B114026,,
F1B114027,PENGUKURAN DAN ANALISIS HARMONISA ARUS DAN TEGANGAN PADA SINKRONISASI GENERATOR,
F1B114028,,
F1B114029,,
F1B114030,RANCANG BANGUN SISTEM KLASIFIKASI PEMINATAN AKADEMIK BAGI SISWA SMA MENGGUNAKAN LOGIKA FUZZY BERTINGKAT BERBASIS WEBSITE,
F1B114031,,
F1B114032,,
F1B114033,,
F1B114034,,
F1B114035,,
F1B015001,,
F1B015002,,
F1B015003,KENDALI PID ROBOT PENGIKUT GARIS UNTUK MENINGKATKAN KEAKURATAN DAN KECEPATAN MANUVER,
F1B015004,,
F1B015005,"ANALISIS SOFT STARTING MENGGUNAKAN ANTI PARALEL

SCR UNTUK MOTOR INDUKSI 3 FASA 15 kW",
F1B015006,,
F1B015007,,
F1B015008,"ANALISIS SOFT STARTING METODA PWM UNTUK MOTOR

INDUKSI 3 FASE 37 KW",
F1B015009,"SISTEM PENENTUAN LOKASI OBJEK PADA RUANG

TERBUKA MENGGUNAKAN SISTEM KOMUNIKASI LORA

BERBASIS ALGORITMA SUPPORT VECTOR MACHINE",
F1B015010,,
F1B015011,,
F1B015012,,
F1B015013,Perkiraan Pergeseran Garis Pantai di Wilayah Pesisir Lombok Tengah Menggunakan Deteki Tepi Metode Canny,
F1B015014,,
F1B015015,,
F1B015016,,
F1B015017,,
F1B015018,,
F1B015019,"PERANCANGAN PROTOTYPE SISTEM MONITORING TINGGI PASANG

SURUT AIR LAUT DAN PERINGATAN DINI TSUNAMI BERBASIS

INTERNET OF THINGS (IOT)",
F1B015020,,
F1B015021,ANALISIS KOORDINASI PROTEKSI SISTEM DISTRIBUSI TENAGA LISTIK AREA SWIS PT. AMMAN MINERAL NUSA TENGGARA,
F1B015022,,
F1B015023,,
F1B015024,,
F1B015025,,
F1B015026,STRATEGI PENGISIAN ULANG BATERAI ALKALIN NORECHARGEABLE UNTUK MENINGKATKAN UMUR PAKAI,
F1B015027,,
F1B015028,,
F1B015029,,
F1B015030,,
F1B015031,"Desain Modul Termoelektrik sebagai Pembangkit Tenaga Listrik dari

Sisa Pembuangan Air Conditioner",
F1B015032,ANALISIS SISTEM PENTANAHAN TRANSFORMATOR PADA  GARDU INDUK 150 KV PT. AMMAN MINERAL NUSA TENGGARA,
F1B015033,,
F1B015034,,
F1B015035,,
F1B015036,MODIFIKASI DETEKTOR (LineTroll) PADA PENYULANG JONGGAT MENGGUNAKAN SMS GATEWAY  DI PT. PLN (PERSERO) UP3 PRAYA,
F1B015037,"RANCANG BANGUN SISTEM INFORMASI PERPUSTAKAAN

HADITS BERBASIS WEB",
F1B015038,"PERANCANGAN PURWARUPA SISTEM PENGONTROL PERALATAN 

ELEKTRONIK BERBASIS INTERNET OF THINGS (IOT)",
F1B015039,"PERANCANGAN PURWARUPA PINTU GARASI OTOMATIS

DENGAN PENERAPAN KODE MORSE DAN BOT TELEGRAM

BERBASIS ESP32 CAM",
F1B015040,,
F1B015041,"PERANCANGAN PURWARUPA SISTEM MONITORING

KUALITAS AIR SUNGAI BERBASIS INTERNET OF THINGS (IOT)",
F1B015042,,
F1B015043,,
F1B015044,,
F1B015045,,
F1B015046,,
F1B015047,,
F1B015048,"PENENTUAN LOKASI BERDASARKAN KUAT SINYAL YANG

DITERIMA WIFI MENGGUNAKAN METODE FINGERPRINT

DENGAN ALGORITMA LEARNING VECTOR QUANTIZATION",
F1B015049,"PERANCANGAN ANTENA MIKROSTRIP PATCH SQUARE

ARRAY 4X1 MENGGUNAKAN DOUBLE REFLECTOR DEFECTED

GROUND STRUCTURES PADA FREKUENSI 2.45 GHZ",
F1B015050,,
F1B015051,,
F1B015052,"BAB 1PENGEMBANGAN ALAT UKUR KONDUKTIVITAS

UNTUK MEMPERKIRAKAN KUALITAS AIR BAKU",
F1B015053,RANCANG BANGUN PURWARUPA PINTU RUMAH OTOMATIS MENGGUNAKAN FINGERPRINT DENGAN METODE PEMANTAUAN MELALUI SMS GATEWAY BERBASIS ARDUINO MEGA 2560,
F1B015054,,
F1B015055,PENJADWALAN OPERASI EKONOMIS PLTD AMPENAN MENGGUNAKAN ALGORITMA GENETIKA,
F1B015056,,
F1B015057,,
F1B015058,,
F1B015059,,
F1B015060,,
F1B015061,,
F1B015062,,
F1B015063,,
F1B015064,,
F1B015065,"PENGUKURAN DAN PEMANTAUAN KETINGGIAN AIR PADA TANGKI 

BAHAN BAKAR BERBASIS WEBSITE MENGGUNAKAN NODEMCU 

ESP 8266",
F1B015066,,
F1B015067,,
F1B015068,"PREDIKSI STOK OBAT DENGAN JARINGAN SYARAF TIRUAN

BERDASARKAN HISTORI PEMAKAIAN OBAT DARI 10 PENYAKIT

TERBANYAK DAN OBAT YANG KELUAR",
F1B015069,,
F1B015070,,
F1B015071,,
F1B015072,,
F1B015073,PEMILIHAN UKURAN KONDUKTOR PADA JARINGAN 20 KV SISTEM DISTRIBUSI TENAGA LISTRIK PENYULANG PENYULANG JONGGAT DI KABUPATEN LOMBOK TENGAH,
F1B015074,ANALISIS PENGARUH PENAMBAHAN ZAT ADITIF TERHADP TAHANAN PENTANAHAN MENGGUNAKAN ELEKTRODA PLAT DI PLTS 30 KWP DESA LOLOAN KECAMATAN BAYAN,
F1B015075,ANALISIS PENENTUAN PELETAKAN KAPASITOR UNTUK MEMPERBAIKI PROFIL TEGANGAN DAN MENGURANGI RUGI-RUGI DAYA PADA SISTEM DISTRIBUSI YANG TERINTEGRASI GOOGLE MAPS,
F1B015076,,
F1B015077,"RANCANG BANGUN SMART kWh METER 3 FASE DENGAN

KOMUNIKASI SMS GATEWAY",
F1B015078,PERANCANGAN PURWARUPA e-FISHERY PADA BUDIDAYA IKAN NILA BERBASIS IoT,
F1B015079,RANCANG BANGUN PROTOTIPE APLIKASI ABSENSI MAHASISWA MENGGUNAKAN FLUTTER BERBASIS ANDROID: STUDI KASUS DI JURUSAN TEKNIK ELEKTRO UNIVERSITAS MATARAM,
F1B015080,"ANALISIS CITRA SATELIT MENGGUNAKAN METODE SUPERVISED

CLASSIFICATION MAXIMUM LIKELIHOOD PADA PEMETAAN TUTUPAN

LAHAN DI TAMAN NASIONAL BUKIT BARISAN SELATAN (TNBBS)",
F1B015081,"PERANCANGAN PEMBANGKIT LISTRIK TERMOELEKTRIK

SKALA KECIL DENGAN INCINERATOR SAMPAH SEBAGAI

MEDIA PENGHASIL PANAS",
F1B015082,"Analisa dan Perbandingan Produksi Energi pada PLTS Selong dengan

PLTS Sengkol Grid Connected 7 MWp di Pulau Lombok",
F1B015083,,
F1B015084,"ANALISIS INTENSITAS PAPARAN MEDAN LISTRIK DAN MEDAN MAGNET PADA

SALURAN UDARA TEGANGAN TINGGI (SUTT) 150 kV JALUR GI MATARAM – GI

SWITCHING MATARAM, LOMBOK",
F1B015085,Merancang Dan Membuat Aplikasi Game Edukasi Untuk Belajar Membaca Berbasis Java Micro Edition,
F1B015086,ANALISIS REKONFIGURASI JARINGAN TEGANGAN RENDAH DAN PEMERATAAN BEBAN  UNTUK PERBAIKAN JATUH TEGANGAN DAN SUSUT ENERGI DI TRAFO PR023 PENYULANG BODAK MENGGUNAKAN ETAP 12.6.0,
F1B015087,"RANCANG BANGUN SISTEM INFORMASI PENDATAAN

BENCANA DAN PENDISTRIBUSIAN BANTUAN BENCANA

GEMPA BUMI MENGGUNAKAN TEKNOLOGI MERN STACK",
F1B015088,,
F1B015089,,
F1B015090,,
F1B015091,,
F1B015092,,
F1B115001,,
F1B115002,"RANCANG BANGUN DYE SENSITIZED SOLAR CELL (DSSC)

DARI EKSTRAK DAUN BELIMBING WULUH",
F1B115003,,
F1B115004,ANALISIS KINERJA PROTOKOL OPEN SHORTEST PATH FIRST (OSPF) DAN ROUTING INFORMATION PROTOCOL (RIPV2) PADA JARINGAN KOMPUTER MENGGUNAKAN APLIKASI CISCO PACKET TRACER,
F1B115005,"RANCANG BANGUN APLIKASI PEMANTAUAN PERKEMBANGAN 

GIZI BAYI BERBASIS MOBILE APPS",
F1B115006,,
F1B115007,,
F1B115008,,
F1B115009,,
F1B115010,,
F1B115011,,
F1B115012,,
F1B115013,"ANALISIS KINERJA PLTS 7 MWp SENGKOL LOMBOK TENGAH YANG

TERINTERKONEKSI DENGAN JARINGAN LISTRIK PLN",
F1B115014,,
F1B115015,"IMPLEMENTASI KRIPTOGRAFI PENGAMANAN DATA 

ENKRIPSI DAN DEKRIPSI PADA TEKS PESAN DENGAN 

MENGGUNAKAN ALGORITMA AFFINE CIPHER",
F1B115016,"RANCANG BANGUN ALAT PENDETEKSI KADAR ALKOHOL PADA

MINUMAN BERALKOHOL MENGGUNAKAN SENSOR MQ-3

BERBASIS INTERNET OF THINGS (Io",
F1B115017,,
F1B115018,"PERANCANGAN SMART LAMP BERBASIS MESH NETWORK

MENGGUNAKAN PROTOKOL KOMUNIKASI MQTT PADA

ESP8266",
F1B115019,,
F1B115020,,
F1B115021,,
F1B115022,"Analisis Kontingensi Pada Sistem Tenaga Listrik Menggunakan Logika Fuzzy

Contingency Analysis In Electric Power System Using Fuzzy Logic",
F1B115023,"PERANCANGAN SISTEM INFORMASI KENAIKAN JABATAN DOSEN

UNIVERSITAS MUHAMMADIYAH MATARAM BERBASIS WEBSITE",
F1B115024,,
F1B115025,"ANALISIS KONSUMSI BAHAN BAKAR DAN BIAYA 

PRODUKSI ENERGI LISTRIK DI PLTU JERANJANG",
F1B115026,,
F1B115027,,
F1B115028,,
F1B115029,"SISTEM MONITORING MUATAN (PAYLOAD) ROKET

MENGGUNAKAN PERANGKAT KOMUNIKASI LORA SV611",
F1B115030,,
F1B115031,,
F1B115032,DESIGN AND DEVELOPMENT OF SANTRI CLASSIFICATION DECISION SUPPORT SYSTEM IN DETERMINING DINIYAH CLASS USING FUZZY TSUKAMOTO LOGIC BASED ON WEBSITE,
F1B115033,,
F1B115034,DESAIN KAPASITAS PEMBANGKIT LISTRIK TENAGA SURYA ROOFTOP DI GEDUNG C FAKULTAS TEKNIK UNIVERSITAS MATARAM,
F1B115035,,
F1B115036,,
F1B115037,,
F1B115038,,
F1B115039,,
F1B115040,,
F1B115041,,
F1B115042,,
F1B115043,,
F1B115044,,
F1B016001,,
F1B016002,,
F1B016003,,
F1B016004,,
F1B016005,,
F1B016006,,
F1B016007,,
F1B016008,,
F1B016009,,
F1B016010,,
F1B016011,"PEMANFAATAN API BOT TELEGRAM UNTUK 

PERANCANGAN MEDIA PEMBELAJARAN INTERAKTIF TENTANG 

KELISTRIKAN RUMAH",
F1B016012,,
F1B016013,,
F1B016014,,
F1B016015,,
F1B016016,Sistem Informasi Penjualan Barang Pada Catrock Distro Kota Bima,
F1B016017,"Analisis Suara Pernapasan Paru-paru Asma Dengan Tidak Asma

Menggunakan Metode k Nearest Neighbors",
F1B016018,,
F1B016019,,
F1B016020,,
F1B016021,"PURWARUPA MONITORING KETINGGIAN AIR TANDON DAN DETEKSI

KEBOCORAN INLET DAN OUTLET PIPA MELALUI ANDROID

BERBASIS ARDUINO MEGA 2560",
F1B016022,,
F1B016023,"RANCANG BANGUN ALAT KLASIFIKASI

KUALITAS DAN UKURAN TELUR AYAM BERBASIS PENGOLAHAN CITRA",
F1B016024,,
F1B016025,,
F1B016026,,
F1B016027,"PENGENALAN EKSPRESI WAJAH MENGGUNAKAN METODE

CONVOLUTION NEURAL NETWORK (CNN)",
F1B016028,,
F1B016029,,
F1B016030,,
F1B016031,,
F1B016032,,
F1B016033,"Rancang Bangun Game Action 2D Berbasis Android Dengan

Artificial Intelligence Pada NPC (Non-Player Character)

Menggunakan Logika Fuzzy",
F1B016034,,
F1B016035,"RANCANG BANGUN ALAT KLASIFIKASI BUAH TOMAT BERDASARKAN 

TINGKAT KEMATANGAN SERTA UKURAN BERBASIS PENGOLAHAN CITRA",
F1B016036,"RANCANG BANGUN SISTEM MONITORING PERTANIAN

HIDROPONIK INDOOR BERBASIS INTERNET OF THINGS (IoT)",
F1B016037,,
F1B016038,,
F1B016039,,
F1B016040,,
F1B016041,"INTERPRETASI ANOMALI MEDAN MAGNET BUMI DENGAN

KAJIAN INKLINASI DAN DEKLINASI PADA DAERAH

PROSPEK PANAS BUMI SEMBALUN LAWANG DAN

SEMBALUN TIMBA GADING",
F1B016042,,
F1B016043,,
F1B016044,,
F1B016045,,
F1B016046,,
F1B016047,,
F1B016048,,
F1B016049,,
F1B016050,,
F1B016051,,
F1B016052,,
F1B016053,,
F1B016054,,
F1B016055,,
F1B016056,,
F1B016057,,
F1B016058,,
F1B016059,,
F1B016060,,
F1B016061,,
F1B016062,,
F1B016063,,
F1B016064,,
F1B016065,,
F1B016066,,
F1B016067,DESAIN BUCK CONVERTER BERTINGKAT UNTUK TRANSFORMATOR ELEKTRONIKA DAYA,
F1B016068,,
F1B016069,"SIMULASI KOMBINASI BENTUK ROTOR PERMANENT

MAGNET SINCHRONOUS GENERATOR 12S8P PADA 

PEMBANGKIT LISTRIK TENAGA BAYU 

DI NUSA TENGGARA BARAT",
F1B016070,,
F1B016071,,
F1B016072,,
F1B016073,,
F1B016074,,
F1B016075,"PENGARUH PERUBAHAN SUDUT SUDU BILAH PADA

PERANCANGAN TURBIN ANGIN SKALA KECIL TIPE 

HORIZONTAL BERBASIS MIKROKONTROLLER",
F1B016076,,
F1B016077,,
F1B016078,,
F1B016079,,
F1B016080,,
F1B016081,,
F1B016082,,
F1B016083,,
F1B016084,,
F1B016085,,
F1B016086,,
F1B016087,,
F1B016088,,
F1B016089,,
F1B016090,,
F1B016091,"ANALISIS PENGGUNAAN BAHAN BAKAR

HIGH SPEED DIESEL (HSD) DAN MARINE FUEL OIL (MFO) 

 PADA PEMBANGKIT LISRIK TENAGA DIESEL",
F1B016092,,
F1B016093,"PERANCANGAN BOOST KONVERTER SEBAGAI STABILIZER 

TEGANGAN PEMBANGKIT LISTRIK TENAGA SURYA",
F1B016094,,
F1B016095,"PEMODELAN HIDROLOGI MENGGUNAKAN

METODE GEOMAGNETIK DENGAN SOFTWARE

MAGPICK DAN MAG2DC PADA DAERAH

SEMBALUN, LOMBOK TIMUR",
F1B016096,"RANCANG BANGUN PURWARUPA PENGKONDISIAN SUHU

AIR KOLAM IKAN NILA BERBASIS INTERNET OF THINGS

(IoT)",
F1B016097,,
F1B016098,,
F1B016099,,
F1B016100,,
F1B016101,,
F1B016102,,
F1B016103,"RANCANG BANGUN SISTEM PENDUKUNG KEPUTUSAN

KLASIFIKASI PEMINATAN KONSENTRASI BAGI JURUSAN

TEKNIK ELEKTRO UNIVERSITAS MATARAM

MENGGUNAKAN LOGIKA FUZZY MAMDANI

BERTINGKAT BERBASIS WEBSITE",
F1B116001,,
F1B116002,,
F1B116003,,
F1B116004,,
F1B116005,,
F1B116006,,
F1B116007,Sistem Komputerisasi Dalam Mengelola Data Penerimaan Siswa Baru Pada SMKN 1 Bima,
F1B116008,,
F1B116009,,
F1B116010,,
F1B116011,,
F1B116012,,
F1B116013,,
F1B116014,,
F1B116015,,
F1B116016,,
F1B116017,,
F1B116018,,
F1B116019,,
F1B116020,,
F1B116021,,
F1B116022,"PENGENALAN WAJAH UNTUK SISTEM PENGAMAN RUMAH

MENGGUNAKAN METODE EIGENFACE",
F1B116023,,
F1B116024,,
F1B116025,,
F1B116026,,
F1B116027,,
F1B116028,,
F1B116029,,
F1B116030,"EVALUASI SISTEM PENTANAHAN PADA TOWER 

TELEKOMUNIKASI DENGAN PENAMBAHAN 

BATANG ELEKTRODA",
F1B116031,,
F1B116032,RANCANG BANGUN ALAT MONITORING PAKAN DAN MINUM PADA KUCING MENGGUNAKAN APLIKASI TELEGRAM,
F1B116033,,
F1B116034,,
F1B017001,,
F1B017002,,
F1B017003,,
F1B017004,"TINJAUAN KONDISI EKSISTING DAN 

UNJUK KERJA INTERKONEKSI TRANSMISI 150 KV 

SISTEM KELISTRIKAN LOMBOK",
F1B017005,"RANCANG BANGUN SISTEM PENGONTROLAN DAN 

PEMANTAUAN PENYIRAMAN TANAMAN CABAI RAWIT 

BERBASIS IoT-LoRa",
F1B017006,,
F1B017007,,
F1B017008,,
F1B017009,,
F1B017010,,
F1B017011,,
F1B017012,Pengatur Posisi Tinggi Tiang Mikrofon Otomatis Berbasis Mikrokontroler AVR AtMega 8535,
F1B017013,,
F1B017014,,
F1B017015,,
F1B017016,,
F1B017017,,
F1B017018,PERANCANGAN ALAT UNTUK MENINGKATKAN JARAK JANGKAUAN TELEPON CORDLESS 44 MHz DAN 49 MHz,
F1B017019,"PERANCANGAN SISTEM SMART CHARGER UNTUK BATERAI 

LITHIUM-ION 18650 DENGAN METODE FAST CHARGING

MENGUNAKAN DC TO DC BUCK KONVERTER",
F1B017020,,
F1B017021,,
F1B017022,,
F1B017023,,
F1B017024,,
F1B017025,,
F1B017026,,
F1B017027,,
F1B017028,,
F1B017029,,
F1B017030,,
F1B017031,,
F1B017032,,
F1B017033,,
F1B017034,,
F1B017035,,
F1B017036,,
F1B017037,,
F1B017038,"ANALISIS VARIASI DEBIT AIR TERHADAP DAYA OUTPUT

PADA PEMBANGKIT LISTRIK TENAGA MINIHIDRO

(PLTM) SEGARA LOMBOK UTARA",
F1B017039,,
F1B017040,,
F1B017041,,
F1B017042,"UJI KELAYAKAN MINYAK BIJI KETAPANG SEBAGAI

BAHAN ISOLASI CAIR TRANSFORMATOR",
F1B017043,,
F1B017044,,
F1B017045,,
F1B017046,,
F1B017047,,
F1B017048,,
F1B017049,"PEMETAAN POTENSI ENERGI SURYA FOTOVOLTAIK

BERBASIS GEOGRAPHIC INFORMATION SYSTEM DI 

PROVINSI NUSA TENGGARA BARAT",
F1B017050,,
F1B017051,,
F1B017052,,
F1B017053,,
F1B017054,,
F1B017055,,
F1B017056,,
F1B017057,,
F1B017058,,
F1B017059,,
F1B017060,,
F1B017061,,
F1B017062,,
F1B017063,,
F1B017064,,
F1B017065,,
F1B017066,,
F1B017067,,
F1B017068,,
F1B017069,,
F1B017070,,
F1B017071,,
F1B017072,,
F1B017073,,
F1B017074,,
F1B017075,,
F1B017076,,
F1B017077,,
F1B017078,,
F1B017079,"PURWARUPA STETOSKOP DIGITAL

TERINTEGRASI REKAM MEDIS",
F1B017080,,
F1B017081,,
F1B017082,,
F1B017083,,
F1B017084,,
F1B017085,"ANALISIS JATUH TEGANGAN DAN RUGI SALURAN SETELAH 

PEMERATAN BEBAN PADA JARINGAN DISTRIBUSI

(Studi Kasus Gardu UR 054 Penyulang Utan Rhee)",
F1B017086,,
F1B017087,,
F1B017088,,
F1B017089,,
F1B017090,"ANALISIS SYMPATHETIC TRIP PADA PENYULANG DI GARDU 

INDUK TANJUNG SISTEM KELISTRIKAN LOMBOK",
F1B017091,"ANALISIS EKONOMIS PEMBANGKIT LISTRIK TENAGA SURYA ON-GRID 10 

kWp MENGGUNAKAN HOMER DI UNIVERSITAS ISLAM AL-AZHAR 

MATARAM",
F1B017092,,
F1B017093,,
F1B017094,,
F1B017095,,
F1B017096,,
F1B017097,,
F1B017098,,
F1B117001,,
F1B117002,,
F1B117003,,
F1B117004,,
F1B117005,,
F1B117006,"IMPLEMENTASI PENGAWASAN DAN PENYIRAMAN OTOMATIS 

DENGAN PROTOKOL MQTT PADA BUDIDAYA CACING TANAH 

BERBASIS INTERNET OF THINGS",
F1B117007,,
F1B117008,,
F1B117009,,
F1B117010,,
F1B117011,,
F1B117012,,
F1B117013,"UNJUK KERJA SISTEM PENTANAHAN MENARA TRANSMISI 

TERHADAP SAMBARAN PETIR BERAKIBAT BACKFLASHOVER

PADA SUTT 150 kV",
F1B117014,,
F1B117015,,
F1B117016,,
F1B117017,"RANCANG BANGUN GRAPHICAL USER INTERFACE (GUI) MATLAB

PENGOLAHAN BIG DATA GEOMAGNETIK 

DENGAN METODE DIFERENSIASI",
F1B117018,,
F1B117019,,
F1B117020,"SIMULASI DAN ANALISIS KONTINGENSI SISTEM 

KELISTRIKAN LOMBOK 150 kV AKIBAT LEPASNYA 

PEMBANGKIT",
F1B117021,,
F1B117022,,
F1B117023,"ANALISIS POTENSI ENERGI ANGIN SEBAGAI PEMBANGKIT 

LISTRIK TENAGA BAYU SKALA MIKRO DI KABUPATEN 

DOMPU",
F1B117024,,
F1B117025,"RANCANG BANGUN SISTEM MONITORING RESISTANSI 

PENTANAHAN MENGGUNAKAN ARDUINO UNO",
F1B117026,,
F1B117027,,
F1B117028,,
F1B117029,,
F1B117030,,
F1B117031,,
F1B117032,,
F1B117033,,
F1B117034,,
F1B117035,,
F1B117036,,
F1B117037,,
F1B117038,,
F1B117039,,
F1B117040,"PERANCANGAN DETEKTOR KERUSAKAN BATERAI LITHIUM

ION 18650",
F1B117041,"RANCANG BANGUN PURWARUPA PENGENDALIAN SUHU 

PADA FERMENTASI TEMPE BERBASIS MIKROKONTROLER",
F1B018001,,
F1B018002,,
F1B018003,,
F1B018004,,
F1B018005,,
F1B018006,,
F1B018007,,
F1B018008,,
F1B018009,,
F1B018010,,
F1B018011,,
F1B018012,,
F1B018013,,
F1B018014,,
F1B018015,,
F1B018016,,
F1B018017,,
F1B018018,,
F1B018019,,
F1B018020,,
F1B018021,,
F1B018022,,
F1B018023,,
F1B018024,,
F1B018025,,
F1B018026,,
F1B018027,,
F1B018028,,
F1B018029,,
F1B018030,,
F1B018031,,
F1B018032,,
F1B018033,,
F1B018034,,
F1B018035,,
F1B018036,,
F1B018037,,
F1B018038,,
F1B018039,,
F1B018040,,
F1B018041,,
F1B018042,,
F1B018043,,
F1B018044,,
F1B018045,,
F1B018046,,
F1B018047,,
F1B018048,"ANALISIS PROTEKSI DAN KEANDALAN 

PADA SISTEM DISTRIBUSI DI KAWASAN ZERO DOWN TIME

AREA SIRKUIT MANDALIKA",
F1B018049,,
F1B018050,,
F1B018051,,
F1B018052,,
F1B018053,,
F1B018054,,
F1B018055,,
F1B018056,,
F1B018057,,
F1B018058,,
F1B018059,,
F1B018060,,
F1B018061,,
F1B018062,,
F1B018063,,
F1B018064,,
F1B018065,,
F1B018066,,
F1B018067,,
F1B018068,,
F1B018069,,
F1B018070,,
F1B018071,,
F1B018072,,
F1B018073,,
F1B018074,,
F1B018075,,
F1B018076,,
F1B018077,,
F1B018078,,
F1B018079,,
F1B018080,,
F1B018081,,
F1B018082,,
F1B018083,,
F1B018084,,
F1B018085,,
F1B018086,,
F1B018087,,
F1B018088,,
F1B018089,,
F1B018090,,
F1B018091,,
F1B018092,,
F1B018093,,
F1B018094,,
F1B018095,,
F1B018096,,
F1B018097,,
F1B018098,,
F1B018099,,
F1B018100,,
F1B118001,,
F1B118002,,
F1B118003,,
F1B118004,,
F1B118005,,
F1B118006,,
F1B118007,,
F1B118008,,
F1B118009,,
F1B118010,,
F1B118011,,
F1B118012,,
F1B118013,,
F1B118014,,
F1B118015,,
F1B118016,,
F1B118017,,
F1B118018,,
F1B118019,,
F1B118020,,
F1B118021,,
F1B118022,,
F1B118023,,
F1B118024,,
F1B118025,,
F1B118026,,
F1B118027,,
F1B118028,,
F1B118029,,
F1B118030,,
F1B118031,,
F1B118032,,
F1B118033,,
F1B118034,,
F1B118035,,
F1B118036,,
F1B118037,,
F1B118038,,
F1B118039,,
F1B118040,,
F1B118041,,
F1B118042,,
F1B118043,,
F1B118044,,
F1B118045,,
F1B118046,,
F1B118047,,
F1B118048,,
F1B118049,,
F1B118050,,
F1B118051,,
F1B118052,,
F1B118053,,
F1B118054,,
F1B118055,,
F1B118056,,
F1B118057,,
F1B118058,,
F1B118059,,
F1B118060,,
F1B118061,,
F1B118062,,
F1B118063,,
F1B118064,,
F1B118065,,
F1B019001,,
F1B019002,,
F1B019003,,
F1B019004,,
F1B019005,,
F1B019006,,
F1B019007,,
F1B019008,,
F1B019009,,
F1B019010,,
F1B019012,,
F1B019013,,
F1B019014,,
F1B019016,,
F1B019017,,
F1B019018,,
F1B019019,,
F1B019020,,
F1B019021,,
F1B019022,,
F1B019023,,
F1B019024,,
F1B019025,,
F1B019026,,
F1B019027,,
F1B019028,,
F1B019029,,
F1B019030,,
F1B019031,,
F1B019032,,
F1B019033,,
F1B019035,,
F1B019036,,
F1B019037,,
F1B019038,,
F1B019039,,
F1B019040,,
F1B019041,,
F1B019042,,
F1B019043,,
F1B019044,,
F1B019045,,
F1B019046,,
F1B019047,,
F1B019048,,
F1B019049,,
F1B019050,,
F1B019051,,
F1B019052,,
F1B019053,,
F1B019054,,
F1B019055,,
F1B019056,,
F1B019057,,
F1B019059,,
F1B019060,,
F1B019061,,
F1B019062,,
F1B019063,,
F1B019064,,
F1B019065,,
F1B019066,,
F1B019067,,
F1B019068,,
F1B019069,,
F1B019070,,
F1B019071,,
F1B019072,,
F1B019073,,
F1B019074,,
F1B019075,,
F1B019076,,
F1B019077,,
F1B019078,,
F1B019079,,
F1B019080,,
F1B019081,,
F1B019082,,
F1B019083,,
F1B019084,,
F1B019085,,
F1B019086,,
F1B019088,,
F1B019089,,
F1B019090,,
F1B019091,,
F1B019092,,
F1B019093,,
F1B019094,,
F1B019095,,
F1B019097,,
F1B019098,,
F1B019099,,
F1B019101,,
F1B019102,,
F1B019104,,
F1B019105,,
F1B019106,,
F1B019107,,
F1B019108,,
F1B019109,,
F1B019110,,
F1B019111,,
F1B019112,,
F1B019113,,
F1B019114,,
F1B019115,,
F1B019116,,
F1B019117,,
F1B019118,,
F1B019119,,
F1B019120,,
F1B019121,,
F1B019122,,
F1B019123,,
F1B019124,,
F1B019125,,
F1B019126,,
F1B019127,,
F1B019128,,
F1B019129,,
F1B019130,,
F1B019132,,
F1B019133,,
F1B019134,,
F1B019135,Reposisi Antena Automatik Berbasis Mikrokontroler AT89C51,
F1B019136,,
F1B019137,,
F1B019138,,
F1B019139,,
F1B019140,,
F1B019141,,
F1B019142,,
F1B019143,,
F1B019144,,
F1B019145,,
F1B019146,,
F1B019147,,
F1B019148,,
F1B019149,,
F1B019150,,
F1B020001,,
F1B020002,,
F1B020003,,
F1B020004,,
F1B020005,,
F1B020006,,
F1B020007,,
F1B020008,,
F1B020009,,
F1B020010,,
F1B020011,,
F1B020012,,
F1B020013,,
F1B020014,,
F1B020015,,
F1B020016,,
F1B020017,,
F1B020018,,
F1B020019,,
F1B020020,,
F1B020021,,
F1B020022,,
F1B020023,,
F1B020024,,
F1B020025,,
F1B020026,,
F1B020027,,
F1B020028,,
F1B020029,,
F1B020030,,
F1B020031,,
F1B020032,,
F1B020033,,
F1B020034,,
F1B020035,,
F1B020036,,
F1B020037,,
F1B020038,,
F1B020039,,
F1B020040,,
F1B020041,,
F1B020042,,
F1B020043,,
F1B020044,,
F1B020045,,
F1B020046,,
F1B020047,,
F1B020048,,
F1B020049,,
F1B020050,,
F1B020051,,
F1B020052,,
F1B020053,,
F1B020054,,
F1B020055,,
F1B020056,,
F1B020057,,
F1B020058,,
F1B020059,,
F1B020060,,
F1B020061,,
F1B020062,,
F1B020063,,
F1B020064,,
F1B020065,,
F1B020066,,
F1B020067,,
F1B020068,,
F1B020069,,
F1B020070,,
F1B020071,,
F1B020072,,
F1B020073,,
F1B020074,,
F1B020075,,
F1B020076,,
F1B020077,,
F1B020078,,
F1B020079,,
F1B020080,,
F1B020081,,
F1B020082,,
F1B020083,,
F1B020084,,
F1B020085,,
F1B020086,,
F1B020087,,
F1B020088,,
F1B020089,,
F1B020090,,
F1B020091,,
F1B020092,,
F1B020093,,
F1B020094,,
F1B020095,,
F1B020096,,
F1B020097,,
F1B020098,,
F1B020099,,
F1B020100,,
F1B020101,,
F1B020102,STUDI KASUS IMPLEMENTASI SECURE SOCKET LAYER DALAM TRANSAKSI PERDAGANGAN GERABAH,
F1B020103,,
F1B020104,,
F1B020105,,
F1B020106,,
F1B020107,,
F1B020108,,
F1B020109,,
F1B020110,,
F1B020111,,
F1B020112,,
F1B020113,,
F1B020114,,
F1B020115,,
F1B020116,,
F1B020117,,
F1B020118,,
F1B020119,,
F1B020120,,
F1B020121,,
F1B020122,,
F1B020123,,
F1B020124,,
F1B020125,,
F1B020126,,
F1B020127,,
F1B020128,,
F1B020129,,
F1B020130,,
F1B020131,,
F1B020132,,
F1B020133,,
F1B020134,,
F1B020135,,
F1B020136,,
F1B020137,,
F1B020138,,
F1B020139,,
F1B020140,,
F1B020141,,
F1B020142,,
F1B020143,,
F1B020144,,
F1B020145,,
F1B020146,,
F1B020147,,
F1B020148,,
F1B020149,,
F1B020150,,
F1B020151,,
F1B020152,,
F1B020153,,
F1B020154,,
F1B020155,,
F1B020156,,
F1B020157,,
F1B021001,,
F1B021002,,
F1B021003,,
F1B021004,,
F1B021005,,
F1B021006,,
F1B021007,,
F1B021008,,
F1B021009,,
F1B021010,,
F1B021011,DESAIN RANGKAIAN PROTEKSI CATU DAYA PADA PESAWAT TELEVISI,
F1B021012,,
F1B021013,,
F1B021014,,
F1B021015,,
F1B021016,,
F1B021017,,
F1B021018,,
F1B021019,,
F1B021020,,
F1B021021,,
F1B021022,,
F1B021023,Sistem Informasi Akademik Guna Membantu Kegiatan BK Dan Komite Pada SMKN 2 Kabupaten Bima,
F1B021024,,
F1B021025,,
F1B021026,,
F1B021027,,
F1B021028,,
F1B021029,,
F1B021030,,
F1B021031,,
F1B021032,,
F1B021033,,
F1B021034,,
F1B021035,,
F1B021036,,
F1B021037,,
F1B021038,,
F1B021039,,
F1B021040,,
F1B021041,,
F1B021042,,
F1B021043,,
F1B021044,,
F1B021045,,
F1B021046,,
F1B021047,,
F1B021048,,
F1B021049,,
F1B021050,,
F1B021051,,
F1B021052,,
F1B021053,,
F1B021054,,
F1B021055,,
F1B021056,,
F1B021057,,
F1B021058,,
F1B021059,,
F1B021060,,
F1B021061,,
F1B021062,,
F1B021063,,
F1B021064,,
F1B021065,,
F1B021066,,
F1B021067,,
F1B021068,,
F1B021069,,
F1B021070,,
F1B021071,,
F1B021072,,
F1B021073,,
F1B021074,,
F1B021075,,
F1B021076,,
F1B021077,,
F1B021078,,
F1B021079,,
F1B021080,,
F1B021081,,
F1B021082,,
F1B021083,,
F1B021084,,
F1B021085,,
F1B021086,,
F1B021087,,
F1B021088,,
F1B021089,,
F1B021090,,
F1B021091,,
F1B021092,,
F1B021093,,
F1B021094,,
F1B021095,,
F1B021096,,
F1B021097,,
F1B021098,,
F1B021099,,
F1B021100,,
F1B021101,,
F1B021102,,
F1B021103,,
F1B021104,,
F1B021105,,
F1B021106,,
F1B021107,,
F1B021108,,
F1B021109,,
F1B021110,,
F1B021111,,
F1B021112,,
F1B021113,,
F1B021114,,
F1B021115,,
F1B021116,,
F1B021117,,
F1B021118,,
F1B021119,,
F1B021120,,
F1B021121,,
F1B021122,,
F1B021123,,
F1B021124,,
F1B021125,,
F1B021126,,
F1B021127,,
F1B021128,,
F1B021129,,
F1B021130,,
F1B021131,,
F1B021132,,
F1B021133,,
F1B021134,,
F1B021135,,
F1B021136,,
F1B021137,,
F1B021138,,
F1B021139,,
F1B021140,,
F1B021141,,
F1B021142,,
F1B021143,,
F1B021144,,
F1B021145,,
F1B021146,,
F1B021147,,
F1B021148,,
F1B021149,,
F1B021150,,
F1B021151,,
F1B021152,,
F1B021153,,
F1B021154,,
F1B021155,,
F1B022001,,
F1B022002,,
F1B022003,,
F1B022004,,
F1B022005,,
F1B022006,,
F1B022007,,
F1B022008,,
F1B022009,,
F1B022010,,
F1B022011,,
F1B022012,,
F1B022013,,
F1B022014,,
F1B022015,,
F1B022016,,
F1B022017,,
F1B022018,,
F1B022019,,
F1B022020,,
F1B022021,,
F1B022022,,
F1B022023,,
F1B022024,,
F1B022025,,
F1B022026,,
F1B022027,,
F1B022028,,
F1B022029,,
F1B022030,,
F1B022031,,
F1B022032,,
F1B022033,,
F1B022034,,
F1B022035,,
F1B022036,,
F1B022037,,
F1B022038,,
F1B022039,,
F1B022040,,
F1B022041,,
F1B022042,,
F1B022043,,
F1B022044,,
F1B022045,,
F1B022046,,
F1B022047,,
F1B022048,,
F1B022049,,
F1B022050,,
F1B022051,,
F1B022052,,
F1B022053,,
F1B022054,,
F1B022055,,
F1B022056,,
F1B022057,,
F1B022058,,
F1B022059,,
F1B022060,,
F1B022061,,
F1B022062,,
F1B022063,,
F1B022064,,
F1B022065,,
F1B022066,,
F1B022067,,
F1B022068,,
F1B022069,,
F1B022070,,
F1B022071,,
F1B022072,,
F1B022073,,
F1B022074,,
F1B022075,,
F1B022076,,
F1B022077,,
F1B022078,,
F1B022079,,
F1B022080,,
F1B022081,,
F1B022082,,
F1B022083,,
F1B022084,,
F1B022085,,
F1B022086,,
F1B022087,,
F1B022088,,
F1B022089,,
F1B022090,,
F1B022091,,
F1B022092,,
F1B022093,,
F1B022094,,
F1B022095,,
F1B022096,,
F1B022097,,
F1B022098,,
F1B022099,,
F1B022100,,
F1B022101,,
F1B022102,,
F1B022103,,
F1B022104,,
F1B022105,,
F1B022106,,
F1B022107,,
F1B022108,,
F1B022109,,
F1B022110,,
F1B022111,,
F1B022112,,
F1B022113,,
F1B022114,,
F1B022115,,
F1B022116,,
F1B022117,,
F1B022118,,
F1B022119,,
F1B022120,,
F1B022121,,
F1B022122,,
F1B022123,,
F1B022124,,
F1B022125,,
F1B022126,,
F1B022127,,
F1B022128,,
F1B022129,,
F1B022130,,
F1B022131,,
F1B022132,,
F1B022133,,
F1B022134,,
F1B022135,,
F1B022136,,
F1B022137,,
F1B022138,,
F1B022139,,
F1B022140,,
F1B022141,,
F1B022142,,
F1B022143,,
F1B022144,,
F1B022145,,
F1B022146,,
F1B022147,,
F1B022148,,
F1B022149,,
F1B022150,,
F1B022151,,
F1B022152,,
F1B022153,,
F1B02310001,,
F1B02310002,,
F1B02310003,,
F1B02310004,,
F1B02310005,,
F1B02310006,,
F1B02310007,,
F1B02310008,,
F1B02310009,,
F1B02310010,,
F1B02310011,,
F1B02310012,,
F1B02310013,,
F1B02310014,,
F1B02310015,,
F1B02310016,,
F1B02310017,,
F1B02310018,,
F1B02310019,,
F1B02310020,,
F1B02310021,,
F1B02310022,,
F1B02310023,,
F1B02310024,,
F1B02310025,,
F1B02310026,,
F1B02310027,,
F1B02310028,,
F1B02310029,,
F1B02310030,,
F1B02310031,,
F1B02310032,,
F1B02310033,,
F1B02310034,,
F1B02310035,,
F1B02310036,,
F1B02310037,,
F1B02310038,,
F1B02310039,,
F1B02310040,,
F1B02310041,,
F1B02310042,,
F1B02310043,,
F1B02310044,,
F1B02310045,,
F1B02310046,,
F1B02310047,,
F1B02310048,,
F1B02310049,,
F1B02310050,,
F1B02310051,,
F1B02310052,,
F1B02310053,,
F1B02310054,,
F1B02310055,,
F1B02310056,,
F1B02310057,,
F1B02310058,,
F1B02310059,,
F1B02310060,,
F1B02310061,,
F1B02310062,,
F1B02310063,,
F1B02310064,,
F1B02310065,,
F1B02310066,,
F1B02310067,,
F1B02310068,,
F1B02310069,,
F1B02310070,,
F1B02310071,,
F1B02310072,,
F1B02310073,,
F1B02310074,,
F1B02310075,,
F1B02310076,,
F1B02310077,,
F1B02310078,,
F1B02310079,,
F1B02310080,,
F1B02310081,,
F1B02310082,,
F1B02310083,,
F1B02310084,,
F1B02310085,,
F1B02310086,,
F1B02310087,,
F1B02310088,,
F1B02310089,,
F1B02310090,,
F1B02310091,,
F1B02310092,,
F1B02310093,,
F1B02310094,,
F1B02310095,,
F1B02310096,,
F1B02310097,,
F1B02310098,,
F1B02310099,,
F1B02310100,,
F1B02310101,,
F1B02310102,,
F1B02310103,,
F1B02310104,,
F1B02310105,,
F1B02310106,,
F1B02310107,,
F1B02310108,,
F1B02310109,,
F1B02310110,,
F1B02310111,,
F1B02310112,,
F1B02310113,,
F1B02310114,,
F1B02310115,,
F1B02310116,,
F1B02310117,,
F1B02310118,,
F1B02310119,,
F1B02310120,,
F1B02310121,,
F1B02310122,,
F1B02310123,,
F1B02310124,,
F1B02310125,,
F1B02310126,,
F1B02310127,,
F1B02310128,,
F1B02310129,,
F1B02310130,,
F1B02310131,,
F1B02310132,,
F1B02310133,,
F1B02310134,,
F1B02310135,,
F1B02310136,,
F1B02310137,,
F1B02310138,,
F1B02310139,,
F1B02310140,,
F1B02310141,,
F1B02310142,,
F1B02310143,,
F1B02310144,,
F1B02310145,,
F1B02310146,,
F1B02310147,,
F1B02310148,,
F1B02310149,,
F1B02310150,,
F1B02310151,,
F1B02310152,,
F1B02310153,,
F1B02310154,,
F1B02310155,,
F1B02310156,,
F1B02310157,,
F1B02410001,,
F1B02410002,,
F1B02410003,,
F1B02410004,,
F1B02410005,,
F1B02410006,,
F1B02410007,,
F1B02410008,,
F1B02410009,,
F1B02410011,,
F1B02410012,,
F1B02410013,,
F1B02410014,,
F1B02410015,,
F1B02410016,,
F1B02410017,,
F1B02410018,,
F1B02410019,,
F1B02410021,,
F1B02410022,,
F1B02410023,,
F1B02410024,,
F1B02410025,,
F1B02410026,,
F1B02410027,,
F1B02410028,,
F1B02410031,,
F1B02410032,,
F1B02410033,,
F1B02410034,,
F1B02410036,,
F1B02410037,,
F1B02410038,,
F1B02410039,,
F1B02410040,,
F1B02410041,,
F1B02410042,,
F1B02410043,,
F1B02410044,,
F1B02410045,,
F1B02410046,,
F1B02410047,,
F1B02410048,,
F1B02410049,,
F1B02410052,,
F1B02410054,,
F1B02410055,,
F1B02410056,,
F1B02410057,,
F1B02410058,,
F1B02410059,,
F1B02410060,,
F1B02410061,,
F1B02410062,,
F1B02410063,,
F1B02410065,,
F1B02410066,,
F1B02410067,,
F1B02410069,,
F1B02410070,,
F1B02410071,,
F1B02410072,,
F1B02410073,,
F1B02410074,,
F1B02410075,,
F1B02410076,,
F1B02410077,,
F1B02410078,,
F1B02410079,,
F1B02410080,,
F1B02410081,,
F1B02410082,,
F1B02410083,,
F1B02410084,,
F1B02410085,,
F1B02410086,,
F1B02410087,,
F1B02410088,,
F1B02410089,,
F1B02410091,,
F1B02410093,,
F1B02410094,,
F1B02410095,,
F1B02410096,,
F1B02410097,,
F1B02410098,,
F1B02410099,,
F1B02410100,,
F1B02410101,,
F1B02410102,,
F1B02410103,,
F1B02410104,,
F1B02410106,,
F1B02410107,,
F1B02410108,,
F1B02410109,,
F1B02410110,,
F1B02410111,,
F1B02410112,,
F1B02410113,,
F1B02410115,,
F1B02410116,,
F1B02410117,,
F1B02410120,,
F1B02410121,,
F1B02410122,,
F1B02410124,,
F1B02410125,,
F1B02410126,,
F1B02410127,,
F1B02410128,,
F1B02410129,,
F1B02410130,,
F1B02410131,,
F1B02410132,,
F1B02410133,,
F1B02410134,,
F1B02410136,,
F1B02410137,,
F1B02410138,,
F1B02410139,,
F1B02410141,,
F1B02410142,,
F1B02410143,,
F1B02410144,,
F1B02410145,,
F1B02411001
